timestamp,location,sensor,value
2023-12-31T19:57:00.000Z,zone-c,humidity,54.8
2024-01-01T02:06:00.000Z,zone-d,pressure,994.1
2024-01-01T02:12:00.000Z,zone-a,temperature,27.7
2024-01-01T05:09:00.000Z,zone-c,light,537.2
2024-01-01T06:24:00.000Z,zone-b,pressure,1018.5
2024-01-01T06:55:00.000Z,zone-a,light,478.9
2024-01-01T07:14:00.000Z,zone-b,light,117
2024-01-01T07:26:00.000Z,zone-b,humidity,43.6
2024-01-01T07:29:00.000Z,zone-d,humidity,59
2024-01-01T11:21:00.000Z,zone-d,light,820.9
2024-01-01T13:11:00.000Z,zone-a,pressure,1011.1
2024-01-01T13:24:00.000Z,zone-b,temperature,25.7
2024-01-01T15:14:00.000Z,zone-c,pressure,1006
2024-01-01T15:17:00.000Z,zone-c,temperature,18
2024-01-01T16:03:00.000Z,zone-a,humidity,35
2024-01-01T16:05:00.000Z,zone-d,temperature,28.4
2024-01-01T20:14:00.000Z,zone-a,temperature,31
2024-01-01T22:27:00.000Z,zone-b,temperature,20.2
2024-01-01T23:24:00.000Z,zone-c,humidity,51.2
2024-01-02T02:19:00.000Z,zone-c,pressure,1004.7
2024-01-02T03:51:00.000Z,zone-d,light,289.8
2024-01-02T05:41:00.000Z,zone-c,temperature,33
2024-01-02T06:31:00.000Z,zone-d,temperature,27.3
2024-01-02T08:34:00.000Z,zone-b,humidity,52.6
2024-01-02T08:59:00.000Z,zone-a,light,186.7
2024-01-02T10:35:00.000Z,zone-b,pressure,1003.4
2024-01-02T11:22:00.000Z,zone-d,humidity,69.5
2024-01-02T16:22:00.000Z,zone-d,pressure,1013.6
2024-01-02T16:53:00.000Z,zone-a,humidity,72.1
2024-01-02T17:08:00.000Z,zone-c,light,412.6
2024-01-02T18:06:00.000Z,zone-b,light,371.9
2024-01-02T18:08:00.000Z,zone-a,pressure,1012.5
2024-01-02T21:19:00.000Z,zone-b,humidity,49.4
2024-01-02T21:55:00.000Z,zone-d,humidity,77.5
2024-01-02T22:04:00.000Z,zone-c,pressure,993.2
2024-01-03T00:02:00.000Z,zone-a,pressure,1014.7
2024-01-03T01:53:00.000Z,zone-a,light,625.4
2024-01-03T04:38:00.000Z,zone-d,pressure,1014.9
2024-01-03T05:53:00.000Z,zone-b,pressure,1000.9
2024-01-03T08:24:00.000Z,zone-d,temperature,29.7
2024-01-03T11:16:00.000Z,zone-d,light,714.1
2024-01-03T12:42:00.000Z,zone-b,temperature,17
2024-01-03T12:51:00.000Z,zone-c,humidity,49.4
2024-01-03T14:26:00.000Z,zone-c,light,221.3
2024-01-03T16:01:00.000Z,zone-a,humidity,34.7
2024-01-03T16:59:00.000Z,zone-a,temperature,24.9
2024-01-03T17:02:00.000Z,zone-b,light,310.9
2024-01-03T17:15:00.000Z,zone-c,temperature,18
2024-01-03T21:52:00.000Z,zone-c,temperature,19.5
2024-01-03T23:26:00.000Z,zone-d,humidity,52.1
2024-01-04T00:46:00.000Z,zone-b,humidity,35.6
2024-01-04T02:30:00.000Z,zone-b,light,232.9
2024-01-04T03:30:00.000Z,zone-c,light,628.7
2024-01-04T03:58:00.000Z,zone-d,pressure,996.3
2024-01-04T05:46:00.000Z,zone-a,pressure,1003.3
2024-01-04T08:00:00.000Z,zone-c,pressure,1012
2024-01-04T11:07:00.000Z,zone-b,pressure,1007
2024-01-04T11:19:00.000Z,zone-a,humidity,39.5
2024-01-04T13:28:00.000Z,zone-b,temperature,22.7
2024-01-04T13:44:00.000Z,zone-a,temperature,24.9
2024-01-04T13:45:00.000Z,zone-a,light,222.4
2024-01-04T13:55:00.000Z,zone-d,temperature,32
2024-01-04T14:27:00.000Z,zone-d,light,866
2024-01-04T17:14:00.000Z,zone-c,humidity,56.1
2024-01-04T19:22:00.000Z,zone-a,light,895.6
2024-01-04T21:07:00.000Z,zone-a,pressure,1011.9
2024-01-04T23:55:00.000Z,zone-c,humidity,37.1
2024-01-05T00:06:00.000Z,zone-a,humidity,58
2024-01-05T01:21:00.000Z,zone-d,light,323.6
2024-01-05T01:28:00.000Z,zone-c,temperature,20.6
2024-01-05T03:30:00.000Z,zone-b,humidity,42.9
2024-01-05T03:58:00.000Z,zone-b,pressure,998.9
2024-01-05T06:13:00.000Z,zone-d,pressure,993.2
2024-01-05T06:14:00.000Z,zone-b,light,595.1
2024-01-05T06:14:00.000Z,zone-c,pressure,995.6
2024-01-05T06:52:00.000Z,zone-c,light,421.2
2024-01-05T06:58:00.000Z,zone-d,temperature,28.6
2024-01-05T11:36:00.000Z,zone-b,temperature,21.7
2024-01-05T12:55:00.000Z,zone-d,humidity,41
2024-01-05T13:38:00.000Z,zone-a,temperature,29.7
2024-01-05T19:46:00.000Z,zone-c,light,787.4
2024-01-05T23:49:00.000Z,zone-d,pressure,1009.1
2024-01-06T00:28:00.000Z,zone-d,temperature,28.5
2024-01-06T01:20:00.000Z,zone-d,light,178.1
2024-01-06T01:23:00.000Z,zone-a,humidity,67.1
2024-01-06T03:47:00.000Z,zone-a,pressure,991
2024-01-06T05:45:00.000Z,zone-c,temperature,29.5
2024-01-06T06:22:00.000Z,zone-a,light,252.6
2024-01-06T06:54:00.000Z,zone-b,pressure,1004.3
2024-01-06T06:55:00.000Z,zone-c,pressure,1017.6
2024-01-06T07:30:00.000Z,zone-d,humidity,71.1
2024-01-06T08:20:00.000Z,zone-c,humidity,71.5
2024-01-06T11:23:00.000Z,zone-b,humidity,71
2024-01-06T11:39:00.000Z,zone-b,light,351.7
2024-01-06T12:28:00.000Z,zone-b,temperature,25.1
2024-01-06T13:42:00.000Z,zone-a,temperature,29.3
2024-01-06T20:33:00.000Z,zone-d,humidity,74.5
2024-01-06T20:48:00.000Z,zone-b,humidity,44.4
2024-01-06T22:04:00.000Z,zone-c,light,409.9
2024-01-07T03:06:00.000Z,zone-a,humidity,72
2024-01-07T03:27:00.000Z,zone-a,light,469.4
2024-01-07T04:54:00.000Z,zone-d,pressure,1000.7
2024-01-07T05:13:00.000Z,zone-b,light,611.1
2024-01-07T06:32:00.000Z,zone-a,temperature,28.5
2024-01-07T07:02:00.000Z,zone-d,temperature,17.1
2024-01-07T07:59:00.000Z,zone-a,pressure,1019.2
2024-01-07T08:29:00.000Z,zone-c,humidity,30.1
2024-01-07T08:45:00.000Z,zone-c,pressure,999.2
2024-01-07T12:06:00.000Z,zone-c,temperature,29.2
2024-01-07T12:10:00.000Z,zone-d,light,361.1
2024-01-07T14:57:00.000Z,zone-b,pressure,1006.5
2024-01-07T15:15:00.000Z,zone-b,temperature,27.8
2024-01-07T18:43:00.000Z,zone-a,light,512.6
2024-01-07T18:57:00.000Z,zone-d,light,776.5
2024-01-07T19:27:00.000Z,zone-c,light,609
2024-01-07T20:57:00.000Z,zone-c,temperature,20.1
2024-01-07T21:38:00.000Z,zone-b,temperature,19.4
2024-01-07T23:02:00.000Z,zone-b,pressure,992
2024-01-08T00:17:00.000Z,zone-d,humidity,43.4
2024-01-08T03:05:00.000Z,zone-d,temperature,28.1
2024-01-08T06:06:00.000Z,zone-a,humidity,72.2
2024-01-08T10:21:00.000Z,zone-b,light,873.5
2024-01-08T12:47:00.000Z,zone-c,humidity,65.1
2024-01-08T14:45:00.000Z,zone-b,humidity,42.5
2024-01-08T15:24:00.000Z,zone-d,pressure,1008.3
2024-01-08T15:42:00.000Z,zone-a,temperature,17.7
2024-01-08T17:08:00.000Z,zone-a,pressure,1018.2
2024-01-08T17:48:00.000Z,zone-c,pressure,1009.6
2024-01-08T18:56:00.000Z,zone-b,temperature,26.3
2024-01-08T19:40:00.000Z,zone-c,humidity,47.7
2024-01-08T20:07:00.000Z,zone-d,pressure,1014.7
2024-01-08T20:29:00.000Z,zone-b,light,537.2
2024-01-08T21:53:00.000Z,zone-b,humidity,70.1
2024-01-09T00:46:00.000Z,zone-a,humidity,36.5
2024-01-09T02:10:00.000Z,zone-c,pressure,1002.4
2024-01-09T02:42:00.000Z,zone-c,temperature,20.5
2024-01-09T05:45:00.000Z,zone-b,pressure,1016.2
2024-01-09T06:00:00.000Z,zone-a,temperature,22.4
2024-01-09T09:42:00.000Z,zone-a,pressure,1004.4
2024-01-09T11:37:00.000Z,zone-d,humidity,77.4
2024-01-09T12:04:00.000Z,zone-c,light,805.9
2024-01-09T15:31:00.000Z,zone-d,temperature,18.4
2024-01-09T15:34:00.000Z,zone-a,light,859.8
2024-01-09T18:06:00.000Z,zone-d,light,162
2024-01-09T19:01:00.000Z,zone-b,pressure,1000.8
2024-01-09T20:15:00.000Z,zone-c,pressure,1015.2
2024-01-09T21:25:00.000Z,zone-d,light,123.3
2024-01-09T22:29:00.000Z,zone-d,humidity,78
2024-01-09T22:57:00.000Z,zone-d,pressure,1007.4
2024-01-09T23:03:00.000Z,zone-b,light,110.1
2024-01-09T23:27:00.000Z,zone-c,light,365.1
2024-01-10T00:18:00.000Z,zone-c,temperature,18.7
2024-01-10T04:15:00.000Z,zone-a,light,243.2
2024-01-10T07:23:00.000Z,zone-b,humidity,33.6
2024-01-10T07:42:00.000Z,zone-c,humidity,57.1
2024-01-10T10:54:00.000Z,zone-a,pressure,1017.3
2024-01-10T11:16:00.000Z,zone-a,temperature,32.6
2024-01-10T12:37:00.000Z,zone-d,temperature,26
2024-01-10T17:47:00.000Z,zone-a,humidity,40.4
2024-01-10T18:07:00.000Z,zone-b,temperature,26.2
2024-01-10T19:40:00.000Z,zone-c,temperature,18.7
2024-01-10T20:39:00.000Z,zone-b,temperature,26.2
2024-01-10T21:56:00.000Z,zone-b,humidity,32.8
2024-01-10T22:05:00.000Z,zone-a,pressure,1017.2
2024-01-11T00:06:00.000Z,zone-c,humidity,63.2
2024-01-11T02:19:00.000Z,zone-d,pressure,1017.8
2024-01-11T02:43:00.000Z,zone-c,light,552
2024-01-11T03:29:00.000Z,zone-a,humidity,41.4
2024-01-11T05:30:00.000Z,zone-d,humidity,34.6
2024-01-11T05:38:00.000Z,zone-b,light,844.6
2024-01-11T06:13:00.000Z,zone-d,temperature,20.7
2024-01-11T07:35:00.000Z,zone-a,temperature,32.4
2024-01-11T08:25:00.000Z,zone-d,light,894.6
2024-01-11T09:39:00.000Z,zone-a,light,598.8
2024-01-11T12:07:00.000Z,zone-c,pressure,1017.5
2024-01-11T17:24:00.000Z,zone-b,pressure,1015.3
2024-01-11T20:43:00.000Z,zone-a,temperature,15.8
2024-01-11T22:25:00.000Z,zone-b,light,800.3
2024-01-12T00:21:00.000Z,zone-d,pressure,1003
2024-01-12T03:38:00.000Z,zone-c,pressure,999.8
2024-01-12T04:57:00.000Z,zone-a,light,478
2024-01-12T05:03:00.000Z,zone-c,light,497.9
2024-01-12T05:21:00.000Z,zone-c,temperature,18.3
2024-01-12T06:25:00.000Z,zone-a,humidity,63.8
2024-01-12T09:09:00.000Z,zone-d,temperature,29.7
2024-01-12T09:23:00.000Z,zone-d,humidity,42
2024-01-12T09:38:00.000Z,zone-b,pressure,998.2
2024-01-12T09:53:00.000Z,zone-b,humidity,61.7
2024-01-12T10:43:00.000Z,zone-d,light,737.8
2024-01-12T10:44:00.000Z,zone-b,temperature,28.8
2024-01-12T13:31:00.000Z,zone-c,humidity,77.8
2024-01-12T13:38:00.000Z,zone-a,pressure,1010.3
2024-01-12T19:05:00.000Z,zone-c,pressure,1004
2024-01-12T19:08:00.000Z,zone-a,light,172.4
2024-01-12T21:16:00.000Z,zone-b,pressure,1007.5
2024-01-12T21:35:00.000Z,zone-b,light,255.6
2024-01-12T23:44:00.000Z,zone-d,temperature,34.9
2024-01-13T00:07:00.000Z,zone-c,temperature,22.1
2024-01-13T00:52:00.000Z,zone-d,pressure,1005.5
2024-01-13T01:09:00.000Z,zone-a,pressure,1004.2
2024-01-13T03:29:00.000Z,zone-c,light,712.9
2024-01-13T05:01:00.000Z,zone-c,humidity,61.6
2024-01-13T05:40:00.000Z,zone-b,humidity,64.6
2024-01-13T10:15:00.000Z,zone-d,light,445.2
2024-01-13T11:32:00.000Z,zone-d,humidity,36.2
2024-01-13T11:38:00.000Z,zone-b,temperature,31.1
2024-01-13T16:39:00.000Z,zone-a,humidity,45.8
2024-01-13T17:09:00.000Z,zone-a,temperature,15.2
2024-01-13T18:36:00.000Z,zone-d,light,242
2024-01-13T18:37:00.000Z,zone-b,light,891.4
2024-01-13T18:39:00.000Z,zone-d,temperature,18.8
2024-01-13T21:14:00.000Z,zone-d,humidity,74
2024-01-13T21:33:00.000Z,zone-d,pressure,1016.3
2024-01-13T21:59:00.000Z,zone-c,pressure,995.9
2024-01-14T02:02:00.000Z,zone-a,light,785.5
2024-01-14T05:09:00.000Z,zone-c,humidity,76.3
2024-01-14T07:52:00.000Z,zone-b,humidity,56.5
2024-01-14T07:56:00.000Z,zone-b,temperature,26.1
2024-01-14T10:25:00.000Z,zone-c,temperature,30.9
2024-01-14T12:45:00.000Z,zone-a,pressure,1001.4
2024-01-14T13:23:00.000Z,zone-a,humidity,51.7
2024-01-14T14:25:00.000Z,zone-a,temperature,27.9
2024-01-14T17:10:00.000Z,zone-b,pressure,1012.9
2024-01-14T18:07:00.000Z,zone-c,light,655.2
2024-01-14T18:44:00.000Z,zone-a,temperature,19.9
2024-01-14T21:09:00.000Z,zone-d,humidity,33.3
2024-01-14T21:16:00.000Z,zone-d,temperature,22.4
2024-01-15T01:44:00.000Z,zone-d,light,694
2024-01-15T02:20:00.000Z,zone-a,humidity,60.6
2024-01-15T02:37:00.000Z,zone-d,pressure,995.1
2024-01-15T04:20:00.000Z,zone-a,pressure,1017.4
2024-01-15T04:21:00.000Z,zone-c,temperature,33
2024-01-15T06:26:00.000Z,zone-b,humidity,50.8
2024-01-15T08:14:00.000Z,zone-b,light,263.2
2024-01-15T08:41:00.000Z,zone-b,temperature,16.3
2024-01-15T09:48:00.000Z,zone-a,light,565.9
2024-01-15T11:54:00.000Z,zone-c,light,534.8
2024-01-15T13:01:00.000Z,zone-c,humidity,45.5
2024-01-15T15:56:00.000Z,zone-b,pressure,1009.6
2024-01-15T16:38:00.000Z,zone-c,pressure,996.9
2024-01-15T21:28:00.000Z,zone-a,temperature,33.3
2024-01-15T22:13:00.000Z,zone-a,pressure,1016.4
2024-01-16T03:00:00.000Z,zone-a,light,443.5
2024-01-16T04:19:00.000Z,zone-a,humidity,63.2
2024-01-16T10:02:00.000Z,zone-d,pressure,993.4
2024-01-16T10:04:00.000Z,zone-d,temperature,25.4
2024-01-16T13:11:00.000Z,zone-b,pressure,995.3
2024-01-16T13:13:00.000Z,zone-b,light,878.1
2024-01-16T14:43:00.000Z,zone-b,humidity,39.7
2024-01-16T16:46:00.000Z,zone-c,humidity,62.8
2024-01-16T17:02:00.000Z,zone-c,light,765.8
2024-01-16T17:18:00.000Z,zone-c,pressure,1006
2024-01-16T17:26:00.000Z,zone-d,light,405
2024-01-16T18:00:00.000Z,zone-b,temperature,18.6
2024-01-16T18:07:00.000Z,zone-d,humidity,74.7
2024-01-16T18:11:00.000Z,zone-c,temperature,22.6
2024-01-16T19:25:00.000Z,zone-a,humidity,78.6
2024-01-16T20:16:00.000Z,zone-c,pressure,1007.8
2024-01-17T01:10:00.000Z,zone-d,light,693
2024-01-17T02:07:00.000Z,zone-b,temperature,33.1
2024-01-17T02:13:00.000Z,zone-d,temperature,24.3
2024-01-17T03:42:00.000Z,zone-a,pressure,1017.2
2024-01-17T04:20:00.000Z,zone-b,pressure,1012.1
2024-01-17T06:26:00.000Z,zone-a,light,118.4
2024-01-17T08:06:00.000Z,zone-c,light,491
2024-01-17T08:07:00.000Z,zone-c,humidity,64.5
2024-01-17T08:25:00.000Z,zone-b,humidity,44.9
2024-01-17T10:14:00.000Z,zone-d,pressure,1001.7
2024-01-17T11:16:00.000Z,zone-a,temperature,33.4
2024-01-17T11:58:00.000Z,zone-c,temperature,15.7
2024-01-17T15:02:00.000Z,zone-d,humidity,74.5
2024-01-17T18:13:00.000Z,zone-b,light,658.4
2024-01-17T19:10:00.000Z,zone-b,humidity,37.7
2024-01-17T20:19:00.000Z,zone-c,humidity,54.7
2024-01-17T21:34:00.000Z,zone-b,temperature,18.2
2024-01-17T21:41:00.000Z,zone-c,light,851.2
2024-01-17T23:45:00.000Z,zone-c,temperature,29.5
2024-01-18T02:57:00.000Z,zone-a,pressure,998.6
2024-01-18T04:08:00.000Z,zone-b,light,713.4
2024-01-18T04:46:00.000Z,zone-a,light,894.1
2024-01-18T05:20:00.000Z,zone-d,light,164.3
2024-01-18T06:35:00.000Z,zone-d,humidity,69.4
2024-01-18T08:10:00.000Z,zone-b,pressure,994.4
2024-01-18T09:16:00.000Z,zone-d,temperature,25.4
2024-01-18T10:50:00.000Z,zone-c,pressure,995.1
2024-01-18T12:11:00.000Z,zone-d,pressure,992.1
2024-01-18T13:28:00.000Z,zone-a,humidity,41.6
2024-01-18T17:51:00.000Z,zone-a,temperature,18.2
2024-01-18T18:44:00.000Z,zone-b,light,618.9
2024-01-18T19:15:00.000Z,zone-c,pressure,1005.1
2024-01-18T19:38:00.000Z,zone-b,humidity,30.5
2024-01-18T20:10:00.000Z,zone-c,humidity,43.5
2024-01-18T21:06:00.000Z,zone-c,light,709.2
2024-01-18T22:28:00.000Z,zone-d,light,627.2
2024-01-19T01:48:00.000Z,zone-a,light,647.1
2024-01-19T02:55:00.000Z,zone-b,temperature,26.9
2024-01-19T04:29:00.000Z,zone-d,humidity,38
2024-01-19T04:30:00.000Z,zone-a,humidity,70.7
2024-01-19T05:10:00.000Z,zone-a,temperature,32.5
2024-01-19T11:59:00.000Z,zone-d,temperature,21.1
2024-01-19T15:22:00.000Z,zone-b,pressure,1015.9
2024-01-19T16:57:00.000Z,zone-a,pressure,1007.8
2024-01-19T17:46:00.000Z,zone-c,temperature,33.9
2024-01-19T18:00:00.000Z,zone-d,pressure,995.7
2024-01-19T18:38:00.000Z,zone-a,light,876.9
2024-01-19T22:30:00.000Z,zone-a,humidity,43.5
2024-01-20T00:53:00.000Z,zone-a,temperature,24.5
2024-01-20T01:07:00.000Z,zone-c,pressure,1015.3
2024-01-20T02:45:00.000Z,zone-c,temperature,21.4
2024-01-20T05:37:00.000Z,zone-b,temperature,20.7
2024-01-20T05:37:00.000Z,zone-c,light,551.9
2024-01-20T06:24:00.000Z,zone-d,pressure,999.7
2024-01-20T06:44:00.000Z,zone-d,light,128.9
2024-01-20T07:33:00.000Z,zone-b,pressure,996.5
2024-01-20T09:16:00.000Z,zone-d,humidity,47.2
2024-01-20T10:04:00.000Z,zone-b,light,847.4
2024-01-20T10:25:00.000Z,zone-b,humidity,48.5
2024-01-20T10:32:00.000Z,zone-c,humidity,77.9
2024-01-20T13:14:00.000Z,zone-d,temperature,19.2
2024-01-20T17:12:00.000Z,zone-a,pressure,1003.9
2024-01-20T19:58:00.000Z,zone-a,light,870.4
2024-01-20T22:09:00.000Z,zone-b,light,615.8
2024-01-20T22:57:00.000Z,zone-d,temperature,28.3
2024-01-20T23:31:00.000Z,zone-b,temperature,22.6
2024-01-21T01:11:00.000Z,zone-c,pressure,993.6
2024-01-21T01:48:00.000Z,zone-c,light,329.2
2024-01-21T02:17:00.000Z,zone-b,humidity,57.7
2024-01-21T03:01:00.000Z,zone-c,humidity,65.6
2024-01-21T04:51:00.000Z,zone-a,pressure,1016.9
2024-01-21T08:35:00.000Z,zone-b,pressure,1001.5
2024-01-21T10:20:00.000Z,zone-d,light,318
2024-01-21T11:14:00.000Z,zone-d,humidity,68
2024-01-21T12:30:00.000Z,zone-a,temperature,23.6
2024-01-21T12:40:00.000Z,zone-a,humidity,76.3
2024-01-21T17:43:00.000Z,zone-c,temperature,24.1
2024-01-21T17:59:00.000Z,zone-d,pressure,1006.6
2024-01-21T19:55:00.000Z,zone-c,humidity,38.9
2024-01-21T20:22:00.000Z,zone-b,temperature,33.9
2024-01-21T21:21:00.000Z,zone-a,pressure,1009.6
2024-01-21T21:22:00.000Z,zone-b,pressure,993
2024-01-21T21:37:00.000Z,zone-d,pressure,1002.7
2024-01-22T00:46:00.000Z,zone-b,humidity,64.6
2024-01-22T01:34:00.000Z,zone-a,temperature,15.3
2024-01-22T05:00:00.000Z,zone-d,light,354.8
2024-01-22T07:01:00.000Z,zone-c,pressure,1009.6
2024-01-22T07:08:00.000Z,zone-c,light,209
2024-01-22T08:41:00.000Z,zone-b,light,387.6
2024-01-22T11:29:00.000Z,zone-c,temperature,32.8
2024-01-22T11:39:00.000Z,zone-d,temperature,34.1
2024-01-22T15:22:00.000Z,zone-d,humidity,71.1
2024-01-22T16:36:00.000Z,zone-a,light,477.6
2024-01-22T17:12:00.000Z,zone-a,humidity,56.3
2024-01-22T18:36:00.000Z,zone-b,humidity,60
2024-01-22T18:46:00.000Z,zone-d,pressure,1002.6
2024-01-22T20:00:00.000Z,zone-c,humidity,60.1
2024-01-22T20:40:00.000Z,zone-a,light,661.1
2024-01-22T21:22:00.000Z,zone-d,temperature,19.6
2024-01-22T21:53:00.000Z,zone-b,temperature,33.3
2024-01-22T21:58:00.000Z,zone-a,pressure,991.8
2024-01-22T23:52:00.000Z,zone-c,pressure,998.5
2024-01-23T00:05:00.000Z,zone-c,light,403
2024-01-23T06:24:00.000Z,zone-a,humidity,70.1
2024-01-23T07:45:00.000Z,zone-b,light,164.6
2024-01-23T08:29:00.000Z,zone-b,pressure,999
2024-01-23T10:37:00.000Z,zone-d,light,764.3
2024-01-23T13:38:00.000Z,zone-a,temperature,26.3
2024-01-23T15:07:00.000Z,zone-d,humidity,44.3
2024-01-23T15:33:00.000Z,zone-c,temperature,24.3
2024-01-23T18:43:00.000Z,zone-b,light,535.7
2024-01-23T18:58:00.000Z,zone-d,light,818.4
2024-01-23T21:06:00.000Z,zone-c,temperature,25.1
2024-01-23T21:13:00.000Z,zone-c,humidity,54.8
2024-01-23T22:17:00.000Z,zone-b,pressure,1005
2024-01-23T22:35:00.000Z,zone-a,temperature,24
2024-01-23T22:52:00.000Z,zone-d,temperature,18.4
2024-01-23T23:50:00.000Z,zone-b,temperature,15.2
2024-01-23T23:59:00.000Z,zone-a,pressure,1011
2024-01-24T07:38:00.000Z,zone-a,light,737.3
2024-01-24T07:42:00.000Z,zone-d,pressure,1017.8
2024-01-24T09:32:00.000Z,zone-b,humidity,48.5
2024-01-24T13:09:00.000Z,zone-d,humidity,46.3
2024-01-24T14:20:00.000Z,zone-c,light,579.1
2024-01-24T15:12:00.000Z,zone-c,pressure,1004.5
2024-01-24T16:20:00.000Z,zone-a,humidity,66.5
2024-01-24T18:57:00.000Z,zone-a,light,116.6
2024-01-24T19:36:00.000Z,zone-b,temperature,25.6
2024-01-24T19:43:00.000Z,zone-a,temperature,27.4
2024-01-24T21:22:00.000Z,zone-b,humidity,49.3
2024-01-24T22:26:00.000Z,zone-c,humidity,44.6
2024-01-24T22:40:00.000Z,zone-d,humidity,72.2
2024-01-25T00:13:00.000Z,zone-d,light,123.6
2024-01-25T03:28:00.000Z,zone-b,light,481.8
2024-01-25T07:00:00.000Z,zone-d,pressure,1009.4
2024-01-25T07:24:00.000Z,zone-d,temperature,18.5
2024-01-25T09:57:00.000Z,zone-c,pressure,1015.6
2024-01-25T11:06:00.000Z,zone-a,pressure,1009.4
2024-01-25T11:38:00.000Z,zone-c,temperature,24.6
2024-01-25T11:51:00.000Z,zone-b,pressure,1015.6
2024-01-25T12:58:00.000Z,zone-a,humidity,66.9
2024-01-25T16:06:00.000Z,zone-c,light,380.2
2024-01-25T19:53:00.000Z,zone-a,humidity,30.9
2024-01-25T21:54:00.000Z,zone-d,temperature,15.7
2024-01-25T22:49:00.000Z,zone-d,pressure,1018.2
2024-01-26T00:35:00.000Z,zone-a,light,264
2024-01-26T00:45:00.000Z,zone-a,temperature,16.4
2024-01-26T01:16:00.000Z,zone-c,light,369.3
2024-01-26T06:17:00.000Z,zone-b,pressure,997.1
2024-01-26T06:23:00.000Z,zone-c,pressure,1001
2024-01-26T07:41:00.000Z,zone-c,humidity,66.1
2024-01-26T08:51:00.000Z,zone-d,humidity,44.4
2024-01-26T10:47:00.000Z,zone-d,light,832.4
2024-01-26T14:33:00.000Z,zone-b,temperature,29.7
2024-01-26T14:51:00.000Z,zone-c,temperature,28.8
2024-01-26T15:44:00.000Z,zone-b,light,305.9
2024-01-26T16:00:00.000Z,zone-a,pressure,1017.7
2024-01-26T18:22:00.000Z,zone-b,humidity,57.7
2024-01-26T18:58:00.000Z,zone-c,temperature,21.5
2024-01-26T20:22:00.000Z,zone-d,light,723.6
2024-01-26T20:26:00.000Z,zone-a,pressure,1000.5
2024-01-26T20:31:00.000Z,zone-c,humidity,52.5
2024-01-26T21:35:00.000Z,zone-b,humidity,36.4
2024-01-27T00:26:00.000Z,zone-d,pressure,1002.6
2024-01-27T00:59:00.000Z,zone-b,temperature,19.1
2024-01-27T03:21:00.000Z,zone-c,light,863.3
2024-01-27T04:45:00.000Z,zone-a,light,897.5
2024-01-27T05:49:00.000Z,zone-d,temperature,34.1
2024-01-27T11:28:00.000Z,zone-c,pressure,1008.5
2024-01-27T11:31:00.000Z,zone-b,pressure,995.3
2024-01-27T14:12:00.000Z,zone-a,temperature,33.1
2024-01-27T14:55:00.000Z,zone-b,light,174.8
2024-01-27T16:28:00.000Z,zone-a,humidity,76.7
2024-01-27T16:52:00.000Z,zone-d,humidity,31.5
2024-01-27T20:14:00.000Z,zone-d,light,799.9
2024-01-27T20:15:00.000Z,zone-c,temperature,29.3
2024-01-27T21:29:00.000Z,zone-b,pressure,994.9
2024-01-27T21:59:00.000Z,zone-c,light,237.8
2024-01-28T00:25:00.000Z,zone-c,humidity,39.4
2024-01-28T04:16:00.000Z,zone-a,humidity,53.3
2024-01-28T04:17:00.000Z,zone-b,temperature,18
2024-01-28T05:18:00.000Z,zone-a,light,300.3
2024-01-28T05:33:00.000Z,zone-a,pressure,1002
2024-01-28T07:03:00.000Z,zone-d,temperature,16.3
2024-01-28T07:45:00.000Z,zone-d,pressure,1005
2024-01-28T08:03:00.000Z,zone-d,humidity,57.8
2024-01-28T08:20:00.000Z,zone-a,temperature,22.3
2024-01-28T10:22:00.000Z,zone-c,pressure,990.5
2024-01-28T14:52:00.000Z,zone-b,humidity,65.8
2024-01-28T17:00:00.000Z,zone-b,light,766.5
2024-01-28T18:59:00.000Z,zone-a,pressure,1001.2
2024-01-28T20:21:00.000Z,zone-c,humidity,32.9
2024-01-28T20:56:00.000Z,zone-c,temperature,19.6
2024-01-28T22:26:00.000Z,zone-c,light,765.8
2024-01-29T00:19:00.000Z,zone-b,temperature,24.6
2024-01-29T00:22:00.000Z,zone-c,pressure,1017.5
2024-01-29T01:04:00.000Z,zone-a,temperature,28.1
2024-01-29T01:33:00.000Z,zone-d,light,342.6
2024-01-29T03:59:00.000Z,zone-b,pressure,1013.7
2024-01-29T05:20:00.000Z,zone-d,temperature,20.6
2024-01-29T08:51:00.000Z,zone-b,light,813.2
2024-01-29T09:55:00.000Z,zone-a,light,732
2024-01-29T12:59:00.000Z,zone-a,humidity,51.4
2024-01-29T13:33:00.000Z,zone-d,humidity,43.4
2024-01-29T16:39:00.000Z,zone-b,humidity,39.9
2024-01-29T17:14:00.000Z,zone-d,pressure,991.8
2024-01-29T21:13:00.000Z,zone-c,pressure,1009.4
2024-01-29T22:03:00.000Z,zone-d,humidity,60
2024-01-30T03:09:00.000Z,zone-c,humidity,59.3
2024-01-30T04:31:00.000Z,zone-d,temperature,17.1
2024-01-30T06:15:00.000Z,zone-a,pressure,999.6
2024-01-30T07:49:00.000Z,zone-b,humidity,53.2
2024-01-30T08:10:00.000Z,zone-b,pressure,1019.1
2024-01-30T09:31:00.000Z,zone-b,light,869.5
2024-01-30T09:53:00.000Z,zone-c,light,693.7
2024-01-30T10:11:00.000Z,zone-a,light,651.5
2024-01-30T10:17:00.000Z,zone-a,humidity,46.6
2024-01-30T13:05:00.000Z,zone-a,temperature,16
2024-01-30T13:57:00.000Z,zone-d,pressure,1016
2024-01-30T14:11:00.000Z,zone-b,temperature,32.5
2024-01-30T18:01:00.000Z,zone-c,temperature,34
2024-01-30T18:18:00.000Z,zone-d,light,416.8
2024-01-30T18:45:00.000Z,zone-d,humidity,38.5
2024-01-30T20:26:00.000Z,zone-d,temperature,19.1
2024-01-30T21:30:00.000Z,zone-d,light,681.2
2024-01-30T22:10:00.000Z,zone-b,temperature,31.5
2024-01-30T23:35:00.000Z,zone-b,light,358.7
2024-01-31T02:33:00.000Z,zone-c,pressure,997.6
2024-01-31T04:28:00.000Z,zone-c,temperature,32.4
2024-01-31T05:04:00.000Z,zone-a,pressure,1006.9
2024-01-31T06:04:00.000Z,zone-d,pressure,1019.8
2024-01-31T08:30:00.000Z,zone-b,pressure,998.7
2024-01-31T08:33:00.000Z,zone-a,light,203.1
2024-01-31T15:50:00.000Z,zone-a,temperature,33.8
2024-01-31T16:18:00.000Z,zone-a,humidity,58.9
2024-01-31T17:11:00.000Z,zone-b,humidity,70.9
2024-01-31T18:15:00.000Z,zone-c,humidity,55.7
2024-01-31T18:19:00.000Z,zone-c,light,458.2
2024-01-31T20:48:00.000Z,zone-b,humidity,51
2024-01-31T23:02:00.000Z,zone-c,pressure,1018.5
2024-01-31T23:48:00.000Z,zone-c,light,108.8
2024-02-01T04:19:00.000Z,zone-d,pressure,1008.4
2024-02-01T06:25:00.000Z,zone-a,temperature,18.5
2024-02-01T08:33:00.000Z,zone-a,light,756
2024-02-01T08:41:00.000Z,zone-d,temperature,30.5
2024-02-01T10:49:00.000Z,zone-b,temperature,26.9
2024-02-01T11:51:00.000Z,zone-c,humidity,40
2024-02-01T13:28:00.000Z,zone-b,pressure,995.4
2024-02-01T13:32:00.000Z,zone-a,humidity,67.7
2024-02-01T14:22:00.000Z,zone-d,humidity,31.8
2024-02-01T14:56:00.000Z,zone-c,temperature,19.7
2024-02-01T16:42:00.000Z,zone-a,pressure,997.1
2024-02-01T16:46:00.000Z,zone-b,light,558.5
2024-02-01T18:18:00.000Z,zone-d,light,434.8
2024-02-01T18:36:00.000Z,zone-a,humidity,66
2024-02-01T19:03:00.000Z,zone-a,temperature,33
2024-02-01T23:00:00.000Z,zone-c,pressure,999.9
2024-02-02T01:00:00.000Z,zone-b,pressure,992.7
2024-02-02T06:30:00.000Z,zone-b,temperature,32.6
2024-02-02T08:34:00.000Z,zone-b,humidity,39.6
2024-02-02T08:37:00.000Z,zone-a,light,280.8
2024-02-02T08:58:00.000Z,zone-a,pressure,1010.3
2024-02-02T10:22:00.000Z,zone-d,temperature,30.1
2024-02-02T11:00:00.000Z,zone-c,humidity,32.6
2024-02-02T11:50:00.000Z,zone-d,pressure,1017
2024-02-02T13:39:00.000Z,zone-c,light,298.2
2024-02-02T14:18:00.000Z,zone-c,temperature,25.7
2024-02-02T14:28:00.000Z,zone-d,humidity,58.3
2024-02-02T15:36:00.000Z,zone-b,light,304.1
2024-02-02T17:16:00.000Z,zone-d,light,752
2024-02-02T19:29:00.000Z,zone-c,temperature,34
2024-02-02T21:55:00.000Z,zone-a,humidity,70.5
2024-02-02T22:36:00.000Z,zone-a,temperature,19.8
2024-02-03T00:11:00.000Z,zone-c,pressure,990
2024-02-03T02:51:00.000Z,zone-d,temperature,19.7
2024-02-03T04:17:00.000Z,zone-b,light,690.6
2024-02-03T05:35:00.000Z,zone-d,light,559.4
2024-02-03T06:28:00.000Z,zone-d,pressure,990.5
2024-02-03T08:03:00.000Z,zone-b,pressure,1001.7
2024-02-03T08:16:00.000Z,zone-a,pressure,1013.6
2024-02-03T08:19:00.000Z,zone-c,light,589
2024-02-03T08:30:00.000Z,zone-d,humidity,53.2
2024-02-03T08:59:00.000Z,zone-b,temperature,34.3
2024-02-03T11:40:00.000Z,zone-c,humidity,62.8
2024-02-03T14:20:00.000Z,zone-b,humidity,53.6
2024-02-03T18:14:00.000Z,zone-a,light,312.7
2024-02-03T18:55:00.000Z,zone-d,pressure,993.6
2024-02-03T19:00:00.000Z,zone-d,humidity,76.8
2024-02-04T01:26:00.000Z,zone-a,temperature,17.7
2024-02-04T03:49:00.000Z,zone-d,temperature,24.3
2024-02-04T04:06:00.000Z,zone-a,pressure,1005.3
2024-02-04T04:49:00.000Z,zone-b,light,665.2
2024-02-04T06:45:00.000Z,zone-b,pressure,1019.8
2024-02-04T07:24:00.000Z,zone-c,temperature,15.7
2024-02-04T07:29:00.000Z,zone-a,light,449.3
2024-02-04T07:59:00.000Z,zone-a,humidity,54.5
2024-02-04T08:36:00.000Z,zone-d,light,785.9
2024-02-04T10:48:00.000Z,zone-b,temperature,25.4
2024-02-04T14:16:00.000Z,zone-c,humidity,56.7
2024-02-04T15:25:00.000Z,zone-c,light,322.1
2024-02-04T17:12:00.000Z,zone-c,pressure,1003.6
2024-02-04T17:48:00.000Z,zone-b,humidity,78.8
2024-02-04T19:43:00.000Z,zone-b,pressure,1000
2024-02-05T01:53:00.000Z,zone-d,pressure,1006.7
2024-02-05T03:37:00.000Z,zone-b,temperature,27.1
2024-02-05T05:18:00.000Z,zone-a,humidity,71.5
2024-02-05T05:40:00.000Z,zone-c,temperature,23.5
2024-02-05T05:52:00.000Z,zone-a,pressure,995.2
2024-02-05T07:04:00.000Z,zone-c,light,872.7
2024-02-05T07:55:00.000Z,zone-c,pressure,1016.1
2024-02-05T08:03:00.000Z,zone-b,light,445.3
2024-02-05T09:40:00.000Z,zone-d,humidity,57.1
2024-02-05T09:53:00.000Z,zone-d,temperature,34.9
2024-02-05T10:07:00.000Z,zone-a,temperature,20.5
2024-02-05T14:04:00.000Z,zone-b,humidity,46.4
2024-02-05T15:31:00.000Z,zone-c,humidity,50.1
2024-02-05T17:32:00.000Z,zone-d,light,299.5
2024-02-05T17:59:00.000Z,zone-a,light,871.8
2024-02-05T18:54:00.000Z,zone-c,pressure,1015.7
2024-02-05T20:51:00.000Z,zone-a,temperature,24.7
2024-02-06T00:21:00.000Z,zone-c,temperature,26.1
2024-02-06T00:36:00.000Z,zone-a,pressure,1010
2024-02-06T02:15:00.000Z,zone-b,light,835.4
2024-02-06T03:14:00.000Z,zone-b,temperature,19.7
2024-02-06T05:26:00.000Z,zone-a,humidity,61.6
2024-02-06T05:59:00.000Z,zone-d,temperature,31.2
2024-02-06T06:23:00.000Z,zone-b,humidity,77.8
2024-02-06T09:09:00.000Z,zone-d,light,611.3
2024-02-06T10:38:00.000Z,zone-d,pressure,1009.5
2024-02-06T10:45:00.000Z,zone-c,light,816.4
2024-02-06T12:19:00.000Z,zone-b,pressure,1010
2024-02-06T13:04:00.000Z,zone-d,humidity,34
2024-02-06T15:10:00.000Z,zone-a,light,709.9
2024-02-06T17:31:00.000Z,zone-c,humidity,53.6
2024-02-06T20:11:00.000Z,zone-b,temperature,26.1
2024-02-06T22:33:00.000Z,zone-d,light,138
2024-02-07T00:59:00.000Z,zone-b,light,761.7
2024-02-07T01:31:00.000Z,zone-b,pressure,992.8
2024-02-07T01:48:00.000Z,zone-a,temperature,17.3
2024-02-07T03:32:00.000Z,zone-d,pressure,993.1
2024-02-07T03:53:00.000Z,zone-a,light,574.1
2024-02-07T08:47:00.000Z,zone-d,temperature,22.7
2024-02-07T10:10:00.000Z,zone-b,humidity,39.5
2024-02-07T10:21:00.000Z,zone-c,light,878.7
2024-02-07T10:35:00.000Z,zone-c,humidity,31
2024-02-07T11:33:00.000Z,zone-c,pressure,1011.4
2024-02-07T13:25:00.000Z,zone-d,humidity,47.8
2024-02-07T15:05:00.000Z,zone-c,temperature,26.9
2024-02-07T15:41:00.000Z,zone-a,pressure,1012.5
2024-02-07T16:06:00.000Z,zone-a,humidity,59.1
2024-02-07T23:19:00.000Z,zone-d,light,500.9
2024-02-08T00:31:00.000Z,zone-a,temperature,19.4
2024-02-08T01:20:00.000Z,zone-d,pressure,993.5
2024-02-08T03:14:00.000Z,zone-b,humidity,41.3
2024-02-08T03:41:00.000Z,zone-c,temperature,33.5
2024-02-08T04:41:00.000Z,zone-a,light,891.2
2024-02-08T08:14:00.000Z,zone-d,temperature,33.9
2024-02-08T10:35:00.000Z,zone-c,humidity,73.9
2024-02-08T13:46:00.000Z,zone-d,humidity,37.4
2024-02-08T14:17:00.000Z,zone-c,pressure,994
2024-02-08T15:25:00.000Z,zone-b,light,527.3
2024-02-08T16:23:00.000Z,zone-a,humidity,60.6
2024-02-08T16:30:00.000Z,zone-c,light,775.2
2024-02-08T16:35:00.000Z,zone-b,temperature,16
2024-02-08T17:23:00.000Z,zone-b,pressure,1002
2024-02-08T18:29:00.000Z,zone-a,pressure,1010.2
2024-02-08T22:35:00.000Z,zone-c,humidity,65.9
2024-02-09T03:10:00.000Z,zone-d,humidity,53.4
2024-02-09T03:36:00.000Z,zone-b,light,134.6
2024-02-09T04:44:00.000Z,zone-a,pressure,998.4
2024-02-09T08:28:00.000Z,zone-b,pressure,995.2
2024-02-09T09:43:00.000Z,zone-a,light,378.9
2024-02-09T11:22:00.000Z,zone-d,light,489.7
2024-02-09T12:56:00.000Z,zone-d,temperature,33.3
2024-02-09T14:02:00.000Z,zone-b,temperature,15
2024-02-09T14:05:00.000Z,zone-a,temperature,24.7
2024-02-09T14:08:00.000Z,zone-c,pressure,1000.5
2024-02-09T15:02:00.000Z,zone-c,light,109.7
2024-02-09T15:05:00.000Z,zone-a,humidity,43.5
2024-02-09T17:02:00.000Z,zone-b,humidity,61.3
2024-02-09T17:35:00.000Z,zone-d,pressure,1005.6
2024-02-09T18:08:00.000Z,zone-c,temperature,32.8
2024-02-09T19:13:00.000Z,zone-b,humidity,76.5
2024-02-09T19:20:00.000Z,zone-c,pressure,1014.4
2024-02-10T04:23:00.000Z,zone-b,pressure,1011.5
2024-02-10T04:58:00.000Z,zone-c,light,841.8
2024-02-10T05:02:00.000Z,zone-a,light,142
2024-02-10T05:24:00.000Z,zone-d,humidity,65.3
2024-02-10T05:25:00.000Z,zone-d,pressure,1009.6
2024-02-10T05:33:00.000Z,zone-c,humidity,31.8
2024-02-10T06:12:00.000Z,zone-a,pressure,1005.4
2024-02-10T09:55:00.000Z,zone-a,temperature,28.7
2024-02-10T10:56:00.000Z,zone-a,humidity,47.3
2024-02-10T12:02:00.000Z,zone-b,temperature,30.9
2024-02-10T13:18:00.000Z,zone-d,light,489.2
2024-02-10T15:27:00.000Z,zone-b,light,461
2024-02-10T15:48:00.000Z,zone-c,temperature,19.2
2024-02-10T16:12:00.000Z,zone-d,temperature,30.4
2024-02-10T19:21:00.000Z,zone-c,light,187.1
2024-02-10T20:25:00.000Z,zone-d,light,128.7
2024-02-10T21:16:00.000Z,zone-a,pressure,1008
2024-02-10T21:31:00.000Z,zone-d,pressure,1016.6
2024-02-10T22:03:00.000Z,zone-b,temperature,33.6
2024-02-10T22:15:00.000Z,zone-b,pressure,1007.3
2024-02-11T00:31:00.000Z,zone-c,temperature,27.4
2024-02-11T01:56:00.000Z,zone-a,temperature,30.8
2024-02-11T03:33:00.000Z,zone-b,light,140.4
2024-02-11T04:14:00.000Z,zone-a,humidity,51.6
2024-02-11T04:54:00.000Z,zone-d,temperature,33.1
2024-02-11T08:45:00.000Z,zone-c,pressure,1014
2024-02-11T08:47:00.000Z,zone-c,humidity,67.8
2024-02-11T15:03:00.000Z,zone-b,humidity,64.6
2024-02-11T16:06:00.000Z,zone-d,humidity,37.9
2024-02-11T17:10:00.000Z,zone-a,light,539.1
2024-02-11T20:15:00.000Z,zone-a,humidity,30.6
2024-02-11T20:19:00.000Z,zone-d,pressure,998
2024-02-11T22:15:00.000Z,zone-b,humidity,76.2
2024-02-11T23:20:00.000Z,zone-d,light,537.7
2024-02-12T01:06:00.000Z,zone-c,pressure,996
2024-02-12T03:28:00.000Z,zone-c,light,740.8
2024-02-12T04:37:00.000Z,zone-d,temperature,15.2
2024-02-12T05:24:00.000Z,zone-c,humidity,48.5
2024-02-12T05:35:00.000Z,zone-d,humidity,67.5
2024-02-12T09:22:00.000Z,zone-b,light,452
2024-02-12T09:50:00.000Z,zone-b,pressure,992.4
2024-02-12T13:49:00.000Z,zone-b,temperature,31
2024-02-12T14:10:00.000Z,zone-a,light,620.7
2024-02-12T14:55:00.000Z,zone-a,temperature,29
2024-02-12T15:50:00.000Z,zone-c,temperature,30.1
2024-02-12T17:54:00.000Z,zone-a,pressure,992.9
2024-02-13T01:08:00.000Z,zone-a,temperature,31.4
2024-02-13T01:21:00.000Z,zone-b,light,457.3
2024-02-13T03:08:00.000Z,zone-d,humidity,74
2024-02-13T03:56:00.000Z,zone-d,temperature,32.1
2024-02-13T04:34:00.000Z,zone-a,humidity,74.5
2024-02-13T06:10:00.000Z,zone-a,pressure,1011.2
2024-02-13T07:51:00.000Z,zone-c,light,430.7
2024-02-13T08:17:00.000Z,zone-b,pressure,1012.4
2024-02-13T10:29:00.000Z,zone-d,pressure,1012.7
2024-02-13T12:46:00.000Z,zone-c,humidity,65.9
2024-02-13T13:40:00.000Z,zone-b,humidity,64.9
2024-02-13T15:34:00.000Z,zone-c,temperature,19.7
2024-02-13T16:57:00.000Z,zone-b,temperature,31
2024-02-13T17:00:00.000Z,zone-a,light,413.5
2024-02-13T17:33:00.000Z,zone-c,pressure,1010.6
2024-02-13T17:53:00.000Z,zone-d,light,370
2024-02-13T19:35:00.000Z,zone-d,temperature,30.5
2024-02-13T20:19:00.000Z,zone-c,light,184.9
2024-02-13T20:47:00.000Z,zone-b,light,801.6
2024-02-14T00:06:00.000Z,zone-b,pressure,1004.4
2024-02-14T00:43:00.000Z,zone-b,humidity,70.4
2024-02-14T07:48:00.000Z,zone-d,humidity,61.4
2024-02-14T10:41:00.000Z,zone-c,temperature,27.3
2024-02-14T11:16:00.000Z,zone-c,humidity,63.6
2024-02-14T11:52:00.000Z,zone-a,light,612.8
2024-02-14T13:33:00.000Z,zone-a,humidity,42.8
2024-02-14T14:20:00.000Z,zone-c,pressure,1006
2024-02-14T14:32:00.000Z,zone-d,light,726.2
2024-02-14T16:52:00.000Z,zone-b,temperature,31.9
2024-02-14T17:04:00.000Z,zone-a,pressure,1009.6
2024-02-14T17:15:00.000Z,zone-a,temperature,20.5
2024-02-14T18:04:00.000Z,zone-d,pressure,992.3
2024-02-14T20:03:00.000Z,zone-a,humidity,67.6
2024-02-14T21:14:00.000Z,zone-d,humidity,62.2
2024-02-14T21:47:00.000Z,zone-c,humidity,42.8
2024-02-14T22:55:00.000Z,zone-b,temperature,17.7
2024-02-15T02:06:00.000Z,zone-c,light,518.8
2024-02-15T04:02:00.000Z,zone-c,temperature,18.4
2024-02-15T04:14:00.000Z,zone-d,temperature,21.6
2024-02-15T04:28:00.000Z,zone-a,temperature,23
2024-02-15T04:55:00.000Z,zone-b,pressure,992.1
2024-02-15T07:27:00.000Z,zone-b,light,763.9
2024-02-15T10:35:00.000Z,zone-d,pressure,992.3
2024-02-15T11:10:00.000Z,zone-d,light,199.9
2024-02-15T12:59:00.000Z,zone-b,humidity,58.6
2024-02-15T13:30:00.000Z,zone-a,light,261.5
2024-02-15T13:57:00.000Z,zone-c,pressure,995.7
2024-02-15T14:08:00.000Z,zone-a,pressure,1008.9
2024-02-16T02:31:00.000Z,zone-d,temperature,28.4
2024-02-16T06:08:00.000Z,zone-a,pressure,1006.9
2024-02-16T07:29:00.000Z,zone-a,humidity,66.1
2024-02-16T09:27:00.000Z,zone-d,light,869.2
2024-02-16T10:01:00.000Z,zone-b,pressure,1005.6
2024-02-16T10:47:00.000Z,zone-c,temperature,29.6
2024-02-16T11:30:00.000Z,zone-c,light,644.4
2024-02-16T12:05:00.000Z,zone-d,humidity,54.7
2024-02-16T12:13:00.000Z,zone-b,humidity,36.4
2024-02-16T12:21:00.000Z,zone-a,temperature,31.3
2024-02-16T14:39:00.000Z,zone-b,light,491.7
2024-02-16T15:25:00.000Z,zone-d,pressure,997.7
2024-02-16T16:00:00.000Z,zone-b,temperature,25
2024-02-16T17:47:00.000Z,zone-a,light,474.8
2024-02-16T18:04:00.000Z,zone-c,pressure,1003.3
2024-02-16T18:05:00.000Z,zone-c,humidity,43.8
2024-02-16T21:03:00.000Z,zone-a,temperature,16
2024-02-16T21:52:00.000Z,zone-b,temperature,23.6
2024-02-16T21:53:00.000Z,zone-c,light,216
2024-02-16T23:03:00.000Z,zone-a,humidity,50.9
2024-02-16T23:18:00.000Z,zone-d,humidity,59.9
2024-02-17T04:17:00.000Z,zone-c,pressure,1016
2024-02-17T06:13:00.000Z,zone-c,temperature,24.1
2024-02-17T06:21:00.000Z,zone-d,light,671.5
2024-02-17T08:02:00.000Z,zone-c,humidity,67.6
2024-02-17T08:25:00.000Z,zone-b,humidity,30.3
2024-02-17T09:34:00.000Z,zone-d,temperature,19.8
2024-02-17T12:50:00.000Z,zone-b,light,878.3
2024-02-17T17:01:00.000Z,zone-a,light,407.1
2024-02-17T17:04:00.000Z,zone-b,pressure,996.4
2024-02-17T17:35:00.000Z,zone-a,pressure,995
2024-02-17T17:43:00.000Z,zone-d,pressure,997.5
2024-02-17T18:31:00.000Z,zone-b,light,568.6
2024-02-17T18:45:00.000Z,zone-b,pressure,992.3
2024-02-17T20:18:00.000Z,zone-b,temperature,26.3
2024-02-17T20:27:00.000Z,zone-a,temperature,32.2
2024-02-18T00:06:00.000Z,zone-c,humidity,74.9
2024-02-18T00:31:00.000Z,zone-d,temperature,33.1
2024-02-18T04:19:00.000Z,zone-c,light,705.4
2024-02-18T05:11:00.000Z,zone-a,light,683.7
2024-02-18T07:55:00.000Z,zone-a,pressure,993.5
2024-02-18T08:18:00.000Z,zone-a,humidity,62.7
2024-02-18T10:31:00.000Z,zone-d,light,603.9
2024-02-18T10:33:00.000Z,zone-b,humidity,40.8
2024-02-18T10:54:00.000Z,zone-c,pressure,1000.4
2024-02-18T11:18:00.000Z,zone-d,humidity,61.9
2024-02-18T14:36:00.000Z,zone-c,temperature,26.7
2024-02-18T17:17:00.000Z,zone-d,pressure,1007.7
2024-02-18T19:46:00.000Z,zone-c,humidity,33.4
2024-02-18T21:16:00.000Z,zone-b,light,782.9
2024-02-18T21:57:00.000Z,zone-b,humidity,64.5
2024-02-18T23:10:00.000Z,zone-c,light,680
2024-02-18T23:55:00.000Z,zone-b,pressure,1006.9
2024-02-19T02:30:00.000Z,zone-d,temperature,29.6
2024-02-19T03:24:00.000Z,zone-b,temperature,32.7
2024-02-19T03:46:00.000Z,zone-c,pressure,1005.4
2024-02-19T04:38:00.000Z,zone-d,pressure,1012.6
2024-02-19T05:11:00.000Z,zone-d,humidity,45.3
2024-02-19T05:56:00.000Z,zone-a,humidity,47
2024-02-19T12:11:00.000Z,zone-a,temperature,17.9
2024-02-19T13:53:00.000Z,zone-d,light,707.2
2024-02-19T14:15:00.000Z,zone-c,temperature,15.5
2024-02-19T15:23:00.000Z,zone-a,pressure,1002.3
2024-02-19T17:31:00.000Z,zone-a,light,755.7
2024-02-19T18:57:00.000Z,zone-c,pressure,994.2
2024-02-19T19:54:00.000Z,zone-b,light,200.1
2024-02-19T20:37:00.000Z,zone-c,temperature,20.1
2024-02-19T21:28:00.000Z,zone-d,pressure,1006.3
2024-02-19T22:07:00.000Z,zone-b,temperature,31
2024-02-19T23:37:00.000Z,zone-b,humidity,39.7
2024-02-19T23:43:00.000Z,zone-a,temperature,22.8
2024-02-20T03:43:00.000Z,zone-d,humidity,76.7
2024-02-20T09:10:00.000Z,zone-c,humidity,31.9
2024-02-20T13:29:00.000Z,zone-d,light,355.2
2024-02-20T13:39:00.000Z,zone-a,light,124.9
2024-02-20T13:58:00.000Z,zone-a,humidity,33.6
2024-02-20T14:14:00.000Z,zone-c,light,783.9
2024-02-20T16:29:00.000Z,zone-b,pressure,1016.7
2024-02-20T17:09:00.000Z,zone-d,temperature,30
2024-02-20T17:40:00.000Z,zone-a,pressure,992.3
2024-02-20T19:02:00.000Z,zone-c,humidity,36.7
2024-02-20T20:13:00.000Z,zone-c,light,369.8
2024-02-20T22:27:00.000Z,zone-b,light,494.3
2024-02-21T00:01:00.000Z,zone-a,pressure,994.7
2024-02-21T00:48:00.000Z,zone-a,humidity,36.2
2024-02-21T02:02:00.000Z,zone-d,light,323.7
2024-02-21T02:24:00.000Z,zone-b,pressure,1018.5
2024-02-21T05:15:00.000Z,zone-c,temperature,31.3
2024-02-21T08:19:00.000Z,zone-c,pressure,993.3
2024-02-21T09:26:00.000Z,zone-a,temperature,22.5
2024-02-21T10:10:00.000Z,zone-d,pressure,1007
2024-02-21T10:53:00.000Z,zone-d,temperature,23.7
2024-02-21T11:54:00.000Z,zone-b,humidity,58
2024-02-21T13:20:00.000Z,zone-a,light,473.3
2024-02-21T17:13:00.000Z,zone-b,temperature,25.4
2024-02-21T17:46:00.000Z,zone-d,humidity,66.9
2024-02-21T19:15:00.000Z,zone-a,light,368.4
2024-02-21T23:18:00.000Z,zone-c,temperature,20.9
2024-02-22T03:24:00.000Z,zone-a,humidity,36.3
2024-02-22T03:40:00.000Z,zone-d,temperature,22.2
2024-02-22T05:15:00.000Z,zone-a,temperature,17.5
2024-02-22T05:31:00.000Z,zone-b,pressure,1018.8
2024-02-22T07:06:00.000Z,zone-b,temperature,31.2
2024-02-22T08:00:00.000Z,zone-d,light,843.7
2024-02-22T08:14:00.000Z,zone-b,light,522.5
2024-02-22T12:08:00.000Z,zone-c,pressure,1015.3
2024-02-22T12:58:00.000Z,zone-d,pressure,1019
2024-02-22T13:13:00.000Z,zone-a,pressure,1015.1
2024-02-22T13:16:00.000Z,zone-c,light,803.5
2024-02-22T15:26:00.000Z,zone-c,humidity,63.3
2024-02-22T16:09:00.000Z,zone-b,humidity,67
2024-02-22T16:51:00.000Z,zone-d,humidity,60.4
2024-02-22T19:35:00.000Z,zone-c,light,821.8
2024-02-22T20:29:00.000Z,zone-b,humidity,71.5
2024-02-22T20:56:00.000Z,zone-c,temperature,19.7
2024-02-22T21:53:00.000Z,zone-d,light,372.6
2024-02-22T22:45:00.000Z,zone-c,pressure,991.8
2024-02-22T22:57:00.000Z,zone-b,light,661.3
2024-02-22T23:36:00.000Z,zone-a,pressure,996.4
2024-02-23T02:01:00.000Z,zone-d,temperature,30
2024-02-23T02:06:00.000Z,zone-c,humidity,49.8
2024-02-23T06:57:00.000Z,zone-d,humidity,56.6
2024-02-23T07:22:00.000Z,zone-a,temperature,21.7
2024-02-23T07:38:00.000Z,zone-a,light,665.4
2024-02-23T12:18:00.000Z,zone-a,humidity,72.9
2024-02-23T13:19:00.000Z,zone-b,temperature,27.3
2024-02-23T13:51:00.000Z,zone-d,pressure,1015.2
2024-02-23T17:48:00.000Z,zone-b,pressure,990.8
2024-02-23T18:44:00.000Z,zone-a,temperature,27.3
2024-02-23T19:36:00.000Z,zone-b,temperature,19.8
2024-02-23T20:11:00.000Z,zone-a,humidity,68.8
2024-02-23T21:11:00.000Z,zone-c,humidity,69.1
2024-02-23T21:33:00.000Z,zone-c,pressure,1010.8
2024-02-23T22:03:00.000Z,zone-d,humidity,68.4
2024-02-24T02:36:00.000Z,zone-c,light,469.2
2024-02-24T03:11:00.000Z,zone-d,light,394.1
2024-02-24T04:46:00.000Z,zone-a,light,225
2024-02-24T06:32:00.000Z,zone-b,light,481.5
2024-02-24T06:50:00.000Z,zone-c,temperature,15.5
2024-02-24T09:16:00.000Z,zone-b,pressure,1011.4
2024-02-24T12:03:00.000Z,zone-d,pressure,1018.9
2024-02-24T12:34:00.000Z,zone-d,temperature,18.7
2024-02-24T17:13:00.000Z,zone-a,pressure,1007.4
2024-02-24T17:27:00.000Z,zone-b,humidity,46.1
2024-02-24T20:51:00.000Z,zone-c,light,283.4
2024-02-24T22:04:00.000Z,zone-b,pressure,991.6
2024-02-25T00:22:00.000Z,zone-d,humidity,64.3
2024-02-25T01:14:00.000Z,zone-c,pressure,1004.9
2024-02-25T02:00:00.000Z,zone-a,pressure,1017.9
2024-02-25T02:16:00.000Z,zone-a,temperature,18.7
2024-02-25T02:33:00.000Z,zone-a,humidity,52.6
2024-02-25T05:20:00.000Z,zone-c,temperature,21.1
2024-02-25T07:06:00.000Z,zone-b,temperature,25.6
2024-02-25T07:06:00.000Z,zone-c,humidity,46.8
2024-02-25T11:26:00.000Z,zone-b,humidity,59.7
2024-02-25T14:26:00.000Z,zone-a,light,113.1
2024-02-25T15:48:00.000Z,zone-d,light,564.2
2024-02-25T15:58:00.000Z,zone-b,light,510.1
2024-02-25T17:34:00.000Z,zone-d,temperature,18
2024-02-25T17:40:00.000Z,zone-d,pressure,1016
2024-02-25T22:33:00.000Z,zone-a,temperature,24.8
2024-02-25T23:13:00.000Z,zone-b,humidity,66.2
2024-02-25T23:59:00.000Z,zone-b,temperature,18.6
2024-02-26T03:00:00.000Z,zone-b,light,277.5
2024-02-26T04:41:00.000Z,zone-c,humidity,45.2
2024-02-26T06:23:00.000Z,zone-a,pressure,999
2024-02-26T07:14:00.000Z,zone-b,pressure,1017.2
2024-02-26T07:19:00.000Z,zone-d,temperature,18.1
2024-02-26T09:36:00.000Z,zone-c,temperature,23.6
2024-02-26T12:07:00.000Z,zone-a,humidity,73.5
2024-02-26T12:58:00.000Z,zone-d,humidity,42.9
2024-02-26T13:04:00.000Z,zone-c,light,454.2
2024-02-26T15:36:00.000Z,zone-d,light,681.3
2024-02-26T15:49:00.000Z,zone-c,pressure,1005.7
2024-02-26T18:06:00.000Z,zone-d,pressure,1011.4
2024-02-26T18:25:00.000Z,zone-a,light,843.5
2024-02-26T18:47:00.000Z,zone-a,humidity,59.9
2024-02-26T19:03:00.000Z,zone-b,temperature,32.8
2024-02-26T20:28:00.000Z,zone-c,temperature,32.8
2024-02-26T22:22:00.000Z,zone-a,light,437.7
2024-02-26T23:52:00.000Z,zone-c,humidity,64.3
2024-02-26T23:53:00.000Z,zone-d,pressure,1001.9
2024-02-27T00:43:00.000Z,zone-a,pressure,997.2
2024-02-27T01:25:00.000Z,zone-a,temperature,15.4
2024-02-27T01:28:00.000Z,zone-c,pressure,1010.2
2024-02-27T04:12:00.000Z,zone-b,humidity,36.8
2024-02-27T07:33:00.000Z,zone-c,light,199.2
2024-02-27T08:31:00.000Z,zone-d,light,255.5
2024-02-27T09:10:00.000Z,zone-b,pressure,992.3
2024-02-27T12:38:00.000Z,zone-d,temperature,31.1
2024-02-27T13:26:00.000Z,zone-b,light,232.7
2024-02-27T16:09:00.000Z,zone-d,humidity,46.2
2024-02-27T19:53:00.000Z,zone-c,humidity,51.2
2024-02-27T21:06:00.000Z,zone-c,pressure,991.7
2024-02-27T23:43:00.000Z,zone-d,pressure,1010
2024-02-28T00:16:00.000Z,zone-c,light,718
2024-02-28T00:28:00.000Z,zone-c,temperature,33
2024-02-28T00:45:00.000Z,zone-a,light,706.7
2024-02-28T00:49:00.000Z,zone-b,temperature,28.2
2024-02-28T02:43:00.000Z,zone-b,humidity,58.9
2024-02-28T02:50:00.000Z,zone-a,temperature,33.2
2024-02-28T04:12:00.000Z,zone-a,humidity,72.3
2024-02-28T04:19:00.000Z,zone-d,humidity,35.1
2024-02-28T07:12:00.000Z,zone-d,light,382.1
2024-02-28T07:53:00.000Z,zone-a,pressure,998
2024-02-28T07:54:00.000Z,zone-b,light,527.6
2024-02-28T11:30:00.000Z,zone-d,temperature,26.2
2024-02-28T18:28:00.000Z,zone-b,pressure,998.7
2024-02-28T22:12:00.000Z,zone-d,humidity,61.5
2024-02-28T23:41:00.000Z,zone-c,humidity,55.4
2024-02-29T02:43:00.000Z,zone-b,light,515.4
2024-02-29T06:48:00.000Z,zone-a,temperature,26.9
2024-02-29T07:43:00.000Z,zone-a,light,346.5
2024-02-29T08:16:00.000Z,zone-b,humidity,79.7
2024-02-29T08:59:00.000Z,zone-d,light,607.3
2024-02-29T09:21:00.000Z,zone-c,temperature,16.8
2024-02-29T09:30:00.000Z,zone-b,pressure,991.2
2024-02-29T09:53:00.000Z,zone-d,pressure,1011.4
2024-02-29T10:02:00.000Z,zone-c,light,587
2024-02-29T11:19:00.000Z,zone-c,pressure,992.2
2024-02-29T11:24:00.000Z,zone-d,temperature,31.6
2024-02-29T12:42:00.000Z,zone-b,temperature,29.4
2024-02-29T13:31:00.000Z,zone-a,pressure,993.4
2024-02-29T14:20:00.000Z,zone-a,humidity,54.8
2024-02-29T20:45:00.000Z,zone-d,light,270.4
2024-02-29T22:23:00.000Z,zone-b,temperature,17.8
2024-03-01T02:32:00.000Z,zone-b,pressure,1003.4
2024-03-01T02:41:00.000Z,zone-b,light,237.1
2024-03-01T03:25:00.000Z,zone-b,humidity,75
2024-03-01T03:29:00.000Z,zone-c,temperature,16.4
2024-03-01T03:31:00.000Z,zone-a,light,882.4
2024-03-01T03:48:00.000Z,zone-d,humidity,36.2
2024-03-01T04:03:00.000Z,zone-c,pressure,998.6
2024-03-01T06:21:00.000Z,zone-d,temperature,24.2
2024-03-01T08:15:00.000Z,zone-a,temperature,28.7
2024-03-01T08:19:00.000Z,zone-c,humidity,53.9
2024-03-01T10:42:00.000Z,zone-a,humidity,69.1
2024-03-01T12:45:00.000Z,zone-c,light,177.5
2024-03-01T14:48:00.000Z,zone-a,pressure,996.6
2024-03-01T16:22:00.000Z,zone-d,pressure,995.6
2024-03-01T19:26:00.000Z,zone-b,humidity,63
2024-03-01T19:59:00.000Z,zone-d,pressure,1013
2024-03-01T21:35:00.000Z,zone-c,temperature,26
2024-03-02T00:43:00.000Z,zone-d,light,461.6
2024-03-02T01:51:00.000Z,zone-a,light,748.7
2024-03-02T02:48:00.000Z,zone-a,temperature,17.5
2024-03-02T07:11:00.000Z,zone-b,pressure,991.8
2024-03-02T08:04:00.000Z,zone-b,light,517.3
2024-03-02T08:54:00.000Z,zone-a,humidity,37.5
2024-03-02T09:11:00.000Z,zone-c,pressure,992.3
2024-03-02T10:50:00.000Z,zone-d,humidity,57.9
2024-03-02T12:55:00.000Z,zone-a,pressure,1016.5
2024-03-02T13:14:00.000Z,zone-d,temperature,34.5
2024-03-02T13:39:00.000Z,zone-c,humidity,56.7
2024-03-02T14:59:00.000Z,zone-b,temperature,23.6
2024-03-02T18:29:00.000Z,zone-c,light,664.6
2024-03-02T19:57:00.000Z,zone-c,humidity,75.2
2024-03-03T00:34:00.000Z,zone-c,light,162.5
2024-03-03T00:57:00.000Z,zone-b,temperature,29.2
2024-03-03T01:48:00.000Z,zone-a,humidity,62.1
2024-03-03T03:40:00.000Z,zone-d,temperature,34.4
2024-03-03T09:25:00.000Z,zone-d,humidity,43.7
2024-03-03T10:01:00.000Z,zone-a,pressure,991.8
2024-03-03T10:14:00.000Z,zone-b,pressure,990
2024-03-03T12:02:00.000Z,zone-c,temperature,27.1
2024-03-03T12:14:00.000Z,zone-a,light,726.7
2024-03-03T13:05:00.000Z,zone-d,pressure,990.1
2024-03-03T13:15:00.000Z,zone-b,light,373.5
2024-03-03T13:29:00.000Z,zone-d,light,633.1
2024-03-03T13:31:00.000Z,zone-c,pressure,1006
2024-03-03T13:42:00.000Z,zone-a,temperature,26.2
2024-03-03T15:28:00.000Z,zone-b,humidity,71.5
2024-03-03T18:53:00.000Z,zone-b,temperature,28.4
2024-03-03T19:16:00.000Z,zone-d,temperature,15.3
2024-03-03T20:14:00.000Z,zone-b,pressure,1000.8
2024-03-03T20:26:00.000Z,zone-c,temperature,32.2
2024-03-04T05:46:00.000Z,zone-c,pressure,1017.4
2024-03-04T07:36:00.000Z,zone-d,light,604
2024-03-04T07:47:00.000Z,zone-a,humidity,78.9
2024-03-04T08:48:00.000Z,zone-d,humidity,59.1
2024-03-04T09:22:00.000Z,zone-c,humidity,54.3
2024-03-04T10:40:00.000Z,zone-c,light,301.7
2024-03-04T13:52:00.000Z,zone-a,pressure,1017.2
2024-03-04T14:37:00.000Z,zone-b,humidity,74.3
2024-03-04T14:59:00.000Z,zone-a,temperature,18.3
2024-03-04T17:08:00.000Z,zone-a,light,838.6
2024-03-04T18:09:00.000Z,zone-b,light,209.5
2024-03-04T18:11:00.000Z,zone-d,pressure,1013.3
2024-03-04T18:43:00.000Z,zone-d,temperature,23.6
2024-03-04T21:23:00.000Z,zone-b,temperature,21.8
2024-03-04T21:34:00.000Z,zone-d,humidity,76.7
2024-03-04T22:18:00.000Z,zone-d,light,423.7
2024-03-04T22:28:00.000Z,zone-d,pressure,993.1
2024-03-05T00:10:00.000Z,zone-c,humidity,68.1
2024-03-05T00:15:00.000Z,zone-a,light,676.1
2024-03-05T00:57:00.000Z,zone-a,pressure,1005
2024-03-05T01:07:00.000Z,zone-b,pressure,1016.1
2024-03-05T02:16:00.000Z,zone-c,temperature,16.4
2024-03-05T03:40:00.000Z,zone-b,light,769.3
2024-03-05T06:31:00.000Z,zone-a,temperature,31.9
2024-03-05T08:31:00.000Z,zone-b,humidity,32
2024-03-05T10:15:00.000Z,zone-c,light,156.8
2024-03-05T13:56:00.000Z,zone-c,pressure,1015
2024-03-05T14:30:00.000Z,zone-a,humidity,68.7
2024-03-05T19:23:00.000Z,zone-a,temperature,25
2024-03-05T19:37:00.000Z,zone-a,humidity,75.5
2024-03-05T21:39:00.000Z,zone-c,temperature,15.3
2024-03-05T21:53:00.000Z,zone-b,pressure,1002
2024-03-06T00:40:00.000Z,zone-c,pressure,1015
2024-03-06T01:28:00.000Z,zone-a,pressure,1019.6
2024-03-06T03:10:00.000Z,zone-d,temperature,27.6
2024-03-06T04:10:00.000Z,zone-d,pressure,1001.2
2024-03-06T05:09:00.000Z,zone-b,humidity,69.6
2024-03-06T06:58:00.000Z,zone-d,light,694
2024-03-06T10:16:00.000Z,zone-b,light,490.8
2024-03-06T10:49:00.000Z,zone-d,humidity,52.6
2024-03-06T11:25:00.000Z,zone-c,light,520.2
2024-03-06T14:13:00.000Z,zone-a,light,480
2024-03-06T16:11:00.000Z,zone-c,humidity,66.1
2024-03-06T17:28:00.000Z,zone-b,temperature,27.5
2024-03-06T21:31:00.000Z,zone-d,pressure,1012.8
2024-03-06T21:32:00.000Z,zone-a,humidity,37.2
2024-03-06T23:19:00.000Z,zone-c,light,578.4
2024-03-06T23:57:00.000Z,zone-c,temperature,20
2024-03-07T00:55:00.000Z,zone-a,temperature,30.7
2024-03-07T02:05:00.000Z,zone-b,temperature,22
2024-03-07T07:06:00.000Z,zone-d,humidity,64.4
2024-03-07T07:37:00.000Z,zone-c,pressure,1016.1
2024-03-07T08:05:00.000Z,zone-c,humidity,44.2
2024-03-07T08:49:00.000Z,zone-b,pressure,991.7
2024-03-07T12:53:00.000Z,zone-a,pressure,998.2
2024-03-07T13:19:00.000Z,zone-b,humidity,34.3
2024-03-07T14:11:00.000Z,zone-d,light,467.5
2024-03-07T15:05:00.000Z,zone-a,light,272
2024-03-07T17:44:00.000Z,zone-d,temperature,19.6
2024-03-07T17:59:00.000Z,zone-b,light,432.4
2024-03-07T19:37:00.000Z,zone-b,pressure,1014
2024-03-07T22:11:00.000Z,zone-b,humidity,54.3
2024-03-07T22:17:00.000Z,zone-b,temperature,31.7
2024-03-07T23:49:00.000Z,zone-c,light,480.7
2024-03-08T01:07:00.000Z,zone-a,humidity,74.8
2024-03-08T04:10:00.000Z,zone-d,humidity,39.2
2024-03-08T05:27:00.000Z,zone-c,humidity,48.1
2024-03-08T07:05:00.000Z,zone-c,temperature,33.8
2024-03-08T07:48:00.000Z,zone-a,pressure,992.6
2024-03-08T07:59:00.000Z,zone-a,light,443.8
2024-03-08T11:09:00.000Z,zone-d,pressure,1013.8
2024-03-08T12:33:00.000Z,zone-d,light,122.8
2024-03-08T14:40:00.000Z,zone-a,temperature,19.4
2024-03-08T15:29:00.000Z,zone-b,light,299.6
2024-03-08T16:26:00.000Z,zone-c,pressure,1006.1
2024-03-08T16:42:00.000Z,zone-d,temperature,30.7
2024-03-08T18:42:00.000Z,zone-c,light,881.6
2024-03-08T19:17:00.000Z,zone-d,humidity,58.2
2024-03-08T19:48:00.000Z,zone-b,pressure,1002.8
2024-03-08T21:14:00.000Z,zone-c,pressure,1007.2
2024-03-08T21:41:00.000Z,zone-b,light,612.5
2024-03-09T00:55:00.000Z,zone-c,temperature,16
2024-03-09T00:57:00.000Z,zone-b,humidity,38.2
2024-03-09T05:08:00.000Z,zone-a,humidity,50.7
2024-03-09T06:54:00.000Z,zone-a,light,408.1
2024-03-09T08:06:00.000Z,zone-c,humidity,78
2024-03-09T08:44:00.000Z,zone-d,temperature,28.9
2024-03-09T08:50:00.000Z,zone-d,light,143.2
2024-03-09T14:24:00.000Z,zone-a,temperature,16.7
2024-03-09T14:30:00.000Z,zone-d,pressure,1007.7
2024-03-09T14:33:00.000Z,zone-a,pressure,990.8
2024-03-09T16:44:00.000Z,zone-b,temperature,29.8
2024-03-09T18:31:00.000Z,zone-b,pressure,1011.8
2024-03-09T18:37:00.000Z,zone-c,light,451.8
2024-03-09T19:17:00.000Z,zone-d,humidity,39
2024-03-09T19:55:00.000Z,zone-d,temperature,19.2
2024-03-09T22:06:00.000Z,zone-b,light,661.9
2024-03-09T22:52:00.000Z,zone-c,pressure,1008.4
2024-03-09T22:57:00.000Z,zone-d,pressure,1009.7
2024-03-10T03:24:00.000Z,zone-c,temperature,16.6
2024-03-10T07:03:00.000Z,zone-d,light,540.3
2024-03-10T07:40:00.000Z,zone-b,humidity,58.4
2024-03-10T10:35:00.000Z,zone-a,pressure,1012.5
2024-03-10T10:53:00.000Z,zone-a,light,612.6
2024-03-10T14:54:00.000Z,zone-a,temperature,21.8
2024-03-10T14:59:00.000Z,zone-a,humidity,70.9
2024-03-10T16:11:00.000Z,zone-c,humidity,31.9
2024-03-10T16:55:00.000Z,zone-b,temperature,26.2
2024-03-10T19:13:00.000Z,zone-c,humidity,39.2
2024-03-10T19:29:00.000Z,zone-a,light,527.6
2024-03-11T02:03:00.000Z,zone-b,pressure,1002.1
2024-03-11T02:50:00.000Z,zone-c,temperature,22.5
2024-03-11T04:48:00.000Z,zone-c,light,361.6
2024-03-11T05:03:00.000Z,zone-b,temperature,29.9
2024-03-11T06:41:00.000Z,zone-d,humidity,33.6
2024-03-11T06:55:00.000Z,zone-c,pressure,1002.5
2024-03-11T07:43:00.000Z,zone-d,pressure,1020
2024-03-11T10:22:00.000Z,zone-a,humidity,52.6
2024-03-11T10:34:00.000Z,zone-a,temperature,34.5
2024-03-11T13:35:00.000Z,zone-d,temperature,18.4
2024-03-11T15:05:00.000Z,zone-a,pressure,999
2024-03-11T15:29:00.000Z,zone-d,light,119.2
2024-03-11T15:40:00.000Z,zone-b,light,105.4
2024-03-11T18:11:00.000Z,zone-b,humidity,36.5
2024-03-11T19:36:00.000Z,zone-a,humidity,71.9
2024-03-12T00:31:00.000Z,zone-b,temperature,19.2
2024-03-12T01:02:00.000Z,zone-c,pressure,1010.3
2024-03-12T01:23:00.000Z,zone-b,humidity,38.9
2024-03-12T01:30:00.000Z,zone-a,pressure,998.5
2024-03-12T02:03:00.000Z,zone-a,temperature,25.9
2024-03-12T02:28:00.000Z,zone-c,humidity,69.1
2024-03-12T04:49:00.000Z,zone-a,light,146.9
2024-03-12T06:42:00.000Z,zone-b,light,765.2
2024-03-12T06:44:00.000Z,zone-c,temperature,27.2
2024-03-12T08:56:00.000Z,zone-d,light,242.6
2024-03-12T10:40:00.000Z,zone-b,pressure,1012.2
2024-03-12T11:01:00.000Z,zone-d,humidity,78.2
2024-03-12T12:29:00.000Z,zone-d,pressure,1011.9
2024-03-12T13:00:00.000Z,zone-d,temperature,23.8
2024-03-12T14:13:00.000Z,zone-c,light,304.6
2024-03-12T18:58:00.000Z,zone-a,light,756.6
2024-03-12T21:20:00.000Z,zone-a,temperature,23.5
2024-03-12T21:39:00.000Z,zone-d,pressure,1019.7
2024-03-12T22:06:00.000Z,zone-d,light,423.5
2024-03-12T22:59:00.000Z,zone-a,pressure,992.1
2024-03-12T23:15:00.000Z,zone-c,humidity,41.6
2024-03-13T04:14:00.000Z,zone-d,temperature,17.4
2024-03-13T05:31:00.000Z,zone-c,pressure,990.9
2024-03-13T08:42:00.000Z,zone-b,pressure,1014.8
2024-03-13T11:24:00.000Z,zone-c,temperature,34.2
2024-03-13T12:32:00.000Z,zone-b,humidity,33.1
2024-03-13T12:53:00.000Z,zone-d,humidity,65.7
2024-03-13T14:43:00.000Z,zone-b,temperature,25.8
2024-03-13T15:07:00.000Z,zone-c,light,334.5
2024-03-13T15:57:00.000Z,zone-b,light,465.8
2024-03-13T17:55:00.000Z,zone-a,humidity,70.3
2024-03-13T19:37:00.000Z,zone-b,light,218.4
2024-03-13T22:00:00.000Z,zone-a,pressure,1007.4
2024-03-13T22:31:00.000Z,zone-c,light,677
2024-03-13T23:06:00.000Z,zone-c,humidity,49.3
2024-03-13T23:56:00.000Z,zone-b,pressure,995.6
2024-03-14T03:05:00.000Z,zone-d,pressure,1013.2
2024-03-14T04:11:00.000Z,zone-d,light,141.2
2024-03-14T04:24:00.000Z,zone-c,temperature,30.1
2024-03-14T04:27:00.000Z,zone-a,light,440.1
2024-03-14T04:28:00.000Z,zone-d,humidity,43.4
2024-03-14T04:45:00.000Z,zone-a,temperature,34.2
2024-03-14T04:55:00.000Z,zone-b,humidity,75.7
2024-03-14T07:11:00.000Z,zone-c,pressure,1016.1
2024-03-14T13:37:00.000Z,zone-a,humidity,70.2
2024-03-14T14:09:00.000Z,zone-d,temperature,16.1
2024-03-14T15:11:00.000Z,zone-b,temperature,24.5
2024-03-14T18:43:00.000Z,zone-b,pressure,1008.9
2024-03-14T19:31:00.000Z,zone-c,pressure,1002.2
2024-03-14T22:03:00.000Z,zone-a,temperature,32.1
2024-03-14T23:33:00.000Z,zone-d,pressure,1013.9
2024-03-15T01:04:00.000Z,zone-b,light,375
2024-03-15T07:06:00.000Z,zone-a,light,771.9
2024-03-15T07:45:00.000Z,zone-d,temperature,34.4
2024-03-15T08:10:00.000Z,zone-c,light,823.1
2024-03-15T10:28:00.000Z,zone-b,humidity,52.1
2024-03-15T14:12:00.000Z,zone-b,temperature,17.1
2024-03-15T14:57:00.000Z,zone-d,humidity,53
2024-03-15T15:04:00.000Z,zone-a,pressure,992.9
2024-03-15T15:26:00.000Z,zone-d,light,758.5
2024-03-15T16:19:00.000Z,zone-a,humidity,45.8
2024-03-15T16:55:00.000Z,zone-c,temperature,27.1
2024-03-15T18:13:00.000Z,zone-c,humidity,37.3
2024-03-15T19:41:00.000Z,zone-d,light,768.5
2024-03-15T23:25:00.000Z,zone-a,temperature,17.4
2024-03-16T00:57:00.000Z,zone-b,pressure,995.8
2024-03-16T02:32:00.000Z,zone-d,temperature,24.7
2024-03-16T02:46:00.000Z,zone-c,pressure,990.6
2024-03-16T03:26:00.000Z,zone-a,pressure,998.3
2024-03-16T04:19:00.000Z,zone-d,pressure,1017.1
2024-03-16T07:29:00.000Z,zone-b,humidity,77
2024-03-16T09:11:00.000Z,zone-c,temperature,17.6
2024-03-16T09:25:00.000Z,zone-b,temperature,18.5
2024-03-16T10:35:00.000Z,zone-a,humidity,52
2024-03-16T15:22:00.000Z,zone-c,light,480.6
2024-03-16T16:39:00.000Z,zone-a,light,778.3
2024-03-16T16:59:00.000Z,zone-b,light,284.2
2024-03-16T17:34:00.000Z,zone-d,humidity,55.7
2024-03-16T17:38:00.000Z,zone-c,humidity,71.3
2024-03-16T18:44:00.000Z,zone-b,light,495.1
2024-03-16T18:50:00.000Z,zone-d,humidity,35.1
2024-03-16T18:54:00.000Z,zone-d,temperature,20.4
2024-03-16T19:14:00.000Z,zone-a,temperature,30.4
2024-03-16T21:29:00.000Z,zone-c,light,520.7
2024-03-16T22:29:00.000Z,zone-b,humidity,74.9
2024-03-17T00:35:00.000Z,zone-c,pressure,1005.6
2024-03-17T03:43:00.000Z,zone-c,temperature,23.2
2024-03-17T05:44:00.000Z,zone-c,humidity,38.2
2024-03-17T06:05:00.000Z,zone-b,temperature,26.5
2024-03-17T07:13:00.000Z,zone-a,pressure,994.3
2024-03-17T07:49:00.000Z,zone-a,light,228.9
2024-03-17T08:13:00.000Z,zone-d,light,265.5
2024-03-17T08:38:00.000Z,zone-a,humidity,58.7
2024-03-17T12:05:00.000Z,zone-b,pressure,1011.6
2024-03-17T13:06:00.000Z,zone-d,pressure,998.5
2024-03-17T18:47:00.000Z,zone-a,pressure,1005.7
2024-03-17T18:54:00.000Z,zone-b,light,863.9
2024-03-17T19:59:00.000Z,zone-b,pressure,998.6
2024-03-17T20:12:00.000Z,zone-a,light,382.1
2024-03-17T20:45:00.000Z,zone-c,humidity,35.2
2024-03-18T00:34:00.000Z,zone-b,humidity,46.2
2024-03-18T01:01:00.000Z,zone-a,humidity,75.7
2024-03-18T03:00:00.000Z,zone-d,humidity,68.5
2024-03-18T03:50:00.000Z,zone-b,temperature,33.1
2024-03-18T06:39:00.000Z,zone-d,light,660.4
2024-03-18T09:08:00.000Z,zone-c,pressure,991.3
2024-03-18T09:37:00.000Z,zone-c,light,103.7
2024-03-18T10:32:00.000Z,zone-d,pressure,1015.9
2024-03-18T11:51:00.000Z,zone-d,temperature,25.9
2024-03-18T12:12:00.000Z,zone-a,temperature,29.9
2024-03-18T13:45:00.000Z,zone-c,temperature,32.6
2024-03-18T18:56:00.000Z,zone-d,light,845.1
2024-03-18T19:21:00.000Z,zone-c,light,609.2
2024-03-18T19:46:00.000Z,zone-d,humidity,35
2024-03-18T21:18:00.000Z,zone-b,humidity,32.9
2024-03-18T21:59:00.000Z,zone-b,light,826.2
2024-03-18T23:40:00.000Z,zone-b,temperature,17.4
2024-03-19T04:43:00.000Z,zone-a,temperature,17
2024-03-19T06:08:00.000Z,zone-c,pressure,1017
2024-03-19T08:35:00.000Z,zone-c,temperature,31.5
2024-03-19T08:53:00.000Z,zone-d,temperature,16.5
2024-03-19T09:26:00.000Z,zone-a,light,607.2
2024-03-19T09:29:00.000Z,zone-b,pressure,1013.9
2024-03-19T09:55:00.000Z,zone-a,humidity,38.7
2024-03-19T10:33:00.000Z,zone-a,pressure,996.5
2024-03-19T16:07:00.000Z,zone-d,pressure,1015.6
2024-03-19T18:08:00.000Z,zone-c,humidity,43.8
2024-03-19T19:03:00.000Z,zone-a,temperature,22.9
2024-03-19T19:24:00.000Z,zone-a,light,326.9
2024-03-19T20:50:00.000Z,zone-d,temperature,24.3
2024-03-19T21:22:00.000Z,zone-c,temperature,25.8
2024-03-20T03:48:00.000Z,zone-c,pressure,1008.2
2024-03-20T04:22:00.000Z,zone-d,light,584.9
2024-03-20T06:52:00.000Z,zone-b,temperature,34.9
2024-03-20T07:03:00.000Z,zone-b,humidity,66.1
2024-03-20T08:56:00.000Z,zone-d,humidity,33.1
2024-03-20T09:49:00.000Z,zone-a,pressure,998.3
2024-03-20T10:31:00.000Z,zone-b,light,524.7
2024-03-20T11:21:00.000Z,zone-d,pressure,1005.5
2024-03-20T12:45:00.000Z,zone-a,humidity,43.5
2024-03-20T13:36:00.000Z,zone-c,light,487.3
2024-03-20T15:13:00.000Z,zone-c,humidity,45.2
2024-03-20T18:04:00.000Z,zone-b,pressure,1004
2024-03-20T18:56:00.000Z,zone-d,humidity,30
2024-03-20T20:04:00.000Z,zone-b,light,887.4
2024-03-20T21:32:00.000Z,zone-c,temperature,26.6
2024-03-20T22:07:00.000Z,zone-a,light,445.7
2024-03-21T02:15:00.000Z,zone-a,pressure,1003.6
2024-03-21T03:31:00.000Z,zone-b,humidity,69
2024-03-21T06:35:00.000Z,zone-a,humidity,71
2024-03-21T07:54:00.000Z,zone-c,light,364
2024-03-21T08:43:00.000Z,zone-d,pressure,1008.1
2024-03-21T10:33:00.000Z,zone-d,light,553.2
2024-03-21T10:38:00.000Z,zone-a,temperature,19
2024-03-21T12:00:00.000Z,zone-b,pressure,1009
2024-03-21T12:30:00.000Z,zone-d,temperature,32.3
2024-03-21T12:47:00.000Z,zone-c,pressure,1014.6
2024-03-21T14:31:00.000Z,zone-c,humidity,34.8
2024-03-21T17:11:00.000Z,zone-b,temperature,21.4
2024-03-21T21:42:00.000Z,zone-a,pressure,1002.4
2024-03-21T23:37:00.000Z,zone-c,humidity,52.3
2024-03-22T00:41:00.000Z,zone-c,temperature,28.1
2024-03-22T00:55:00.000Z,zone-b,light,562.3
2024-03-22T01:57:00.000Z,zone-a,temperature,23.9
2024-03-22T03:10:00.000Z,zone-d,humidity,54.3
2024-03-22T03:30:00.000Z,zone-d,pressure,1010.4
2024-03-22T03:47:00.000Z,zone-b,temperature,28.1
2024-03-22T03:59:00.000Z,zone-d,temperature,28.9
2024-03-22T05:02:00.000Z,zone-d,light,146.2
2024-03-22T06:49:00.000Z,zone-b,pressure,992.6
2024-03-22T13:16:00.000Z,zone-b,humidity,79.6
2024-03-22T13:31:00.000Z,zone-c,pressure,991.5
2024-03-22T16:24:00.000Z,zone-c,light,588.8
2024-03-22T18:09:00.000Z,zone-a,light,681
2024-03-22T18:18:00.000Z,zone-a,humidity,72.7
2024-03-22T20:40:00.000Z,zone-b,pressure,1013.1
2024-03-23T00:16:00.000Z,zone-d,pressure,1007
2024-03-23T00:54:00.000Z,zone-a,light,425.6
2024-03-23T02:04:00.000Z,zone-c,humidity,46.1
2024-03-23T03:56:00.000Z,zone-b,temperature,31
2024-03-23T04:29:00.000Z,zone-d,temperature,24.2
2024-03-23T05:40:00.000Z,zone-b,humidity,74.9
2024-03-23T06:34:00.000Z,zone-b,light,285.6
2024-03-23T06:35:00.000Z,zone-c,light,194.5
2024-03-23T06:52:00.000Z,zone-c,temperature,16.7
2024-03-23T10:15:00.000Z,zone-a,humidity,41.7
2024-03-23T10:48:00.000Z,zone-a,pressure,997.7
2024-03-23T13:03:00.000Z,zone-a,temperature,32.8
2024-03-23T13:27:00.000Z,zone-d,light,611.9
2024-03-23T15:01:00.000Z,zone-d,humidity,63.3
2024-03-23T16:29:00.000Z,zone-c,pressure,1005.3
2024-03-23T20:29:00.000Z,zone-b,pressure,996.4
2024-03-23T21:21:00.000Z,zone-c,pressure,1006.5
2024-03-23T22:06:00.000Z,zone-a,light,386.9
2024-03-24T01:35:00.000Z,zone-c,temperature,33.2
2024-03-24T02:24:00.000Z,zone-a,temperature,20.8
2024-03-24T03:03:00.000Z,zone-d,pressure,1002.4
2024-03-24T03:22:00.000Z,zone-b,light,848.6
2024-03-24T04:50:00.000Z,zone-a,pressure,1007.6
2024-03-24T05:52:00.000Z,zone-b,temperature,16.8
2024-03-24T06:00:00.000Z,zone-c,light,185
2024-03-24T07:39:00.000Z,zone-d,temperature,19.1
2024-03-24T08:13:00.000Z,zone-b,humidity,66.4
2024-03-24T12:18:00.000Z,zone-c,humidity,51.5
2024-03-24T12:21:00.000Z,zone-d,humidity,67.3
2024-03-24T12:32:00.000Z,zone-d,light,662.2
2024-03-24T13:44:00.000Z,zone-a,humidity,52.6
2024-03-24T20:30:00.000Z,zone-c,temperature,16.6
2024-03-24T20:44:00.000Z,zone-b,light,611.8
2024-03-24T21:28:00.000Z,zone-b,humidity,58.5
2024-03-24T21:38:00.000Z,zone-c,humidity,47
2024-03-24T22:41:00.000Z,zone-d,humidity,71.3
2024-03-25T03:39:00.000Z,zone-c,light,572.6
2024-03-25T04:54:00.000Z,zone-a,pressure,996.2
2024-03-25T05:31:00.000Z,zone-a,light,175.5
2024-03-25T07:17:00.000Z,zone-b,temperature,33.2
2024-03-25T11:39:00.000Z,zone-b,pressure,1005.5
2024-03-25T13:32:00.000Z,zone-d,light,817.1
2024-03-25T16:10:00.000Z,zone-c,pressure,996.8
2024-03-25T16:37:00.000Z,zone-d,pressure,1004.9
2024-03-25T17:21:00.000Z,zone-a,temperature,25.1
2024-03-25T17:43:00.000Z,zone-d,temperature,34.7
2024-03-25T18:17:00.000Z,zone-a,humidity,58.4
2024-03-25T21:08:00.000Z,zone-a,temperature,28
2024-03-26T00:45:00.000Z,zone-b,temperature,22.9
2024-03-26T02:07:00.000Z,zone-b,pressure,1016
2024-03-26T03:38:00.000Z,zone-c,temperature,20.1
2024-03-26T05:13:00.000Z,zone-d,humidity,67.1
2024-03-26T05:15:00.000Z,zone-a,humidity,60.8
2024-03-26T06:41:00.000Z,zone-a,light,617.9
2024-03-26T06:42:00.000Z,zone-c,light,230.5
2024-03-26T06:50:00.000Z,zone-b,humidity,34.9
2024-03-26T08:00:00.000Z,zone-d,light,838.8
2024-03-26T08:24:00.000Z,zone-c,pressure,1011.7
2024-03-26T09:16:00.000Z,zone-a,pressure,1008.1
2024-03-26T10:16:00.000Z,zone-b,light,549.3
2024-03-26T11:47:00.000Z,zone-d,pressure,1005.9
2024-03-26T14:01:00.000Z,zone-d,temperature,15.4
2024-03-26T14:40:00.000Z,zone-c,humidity,68.8
2024-03-26T21:01:00.000Z,zone-a,humidity,74
2024-03-26T21:42:00.000Z,zone-b,temperature,17
2024-03-26T23:36:00.000Z,zone-d,humidity,67.7
2024-03-27T02:24:00.000Z,zone-d,temperature,30
2024-03-27T04:07:00.000Z,zone-c,light,242.8
2024-03-27T04:28:00.000Z,zone-b,pressure,1007.6
2024-03-27T06:25:00.000Z,zone-c,humidity,46.8
2024-03-27T07:52:00.000Z,zone-d,pressure,1013.5
2024-03-27T09:50:00.000Z,zone-a,temperature,24.7
2024-03-27T10:18:00.000Z,zone-d,light,204.5
2024-03-27T15:52:00.000Z,zone-a,pressure,1002.6
2024-03-27T16:05:00.000Z,zone-c,pressure,1015.5
2024-03-27T16:39:00.000Z,zone-b,light,896.4
2024-03-27T16:54:00.000Z,zone-a,light,679.2
2024-03-27T18:01:00.000Z,zone-b,humidity,66.5
2024-03-27T18:09:00.000Z,zone-c,temperature,27.3
2024-03-27T21:40:00.000Z,zone-d,temperature,22.3
2024-03-27T21:56:00.000Z,zone-b,pressure,997.4
2024-03-28T00:05:00.000Z,zone-a,humidity,57.8
2024-03-28T00:05:00.000Z,zone-a,pressure,1015.2
2024-03-28T01:01:00.000Z,zone-d,light,630.6
2024-03-28T01:47:00.000Z,zone-a,temperature,20.3
2024-03-28T03:34:00.000Z,zone-b,temperature,27.9
2024-03-28T09:42:00.000Z,zone-b,light,188.2
2024-03-28T11:23:00.000Z,zone-c,humidity,57.9
2024-03-28T11:26:00.000Z,zone-c,light,393.8
2024-03-28T12:27:00.000Z,zone-b,humidity,47.5
2024-03-28T14:13:00.000Z,zone-a,light,431.7
2024-03-28T14:16:00.000Z,zone-c,temperature,19.8
2024-03-28T14:46:00.000Z,zone-d,pressure,995.4
2024-03-28T17:49:00.000Z,zone-c,pressure,1016.8
2024-03-28T18:03:00.000Z,zone-d,humidity,40.1
2024-03-28T19:11:00.000Z,zone-a,humidity,31.4
2024-03-28T20:42:00.000Z,zone-c,humidity,71.7
2024-03-28T21:01:00.000Z,zone-d,light,494.9
2024-03-28T21:06:00.000Z,zone-d,pressure,995
2024-03-28T22:49:00.000Z,zone-c,light,849.3
2024-03-29T00:16:00.000Z,zone-d,humidity,48.3
2024-03-29T00:29:00.000Z,zone-a,light,204.7
2024-03-29T02:47:00.000Z,zone-b,humidity,62.7
2024-03-29T05:55:00.000Z,zone-b,light,112.7
2024-03-29T07:49:00.000Z,zone-b,temperature,30.5
2024-03-29T12:43:00.000Z,zone-a,temperature,31.9
2024-03-29T14:31:00.000Z,zone-d,temperature,22.5
2024-03-29T14:57:00.000Z,zone-b,pressure,1015.3
2024-03-29T15:51:00.000Z,zone-c,temperature,24
2024-03-29T15:53:00.000Z,zone-a,pressure,1011.1
2024-03-29T18:29:00.000Z,zone-c,pressure,994.2
2024-03-29T18:54:00.000Z,zone-a,humidity,67.2
2024-03-29T21:23:00.000Z,zone-c,light,697.7
2024-03-29T22:19:00.000Z,zone-c,temperature,34.4
2024-03-30T00:22:00.000Z,zone-b,humidity,73.8
2024-03-30T01:55:00.000Z,zone-a,light,410.3
2024-03-30T01:57:00.000Z,zone-c,humidity,76.4
2024-03-30T02:40:00.000Z,zone-b,light,777.8
2024-03-30T02:55:00.000Z,zone-d,humidity,46.5
2024-03-30T05:02:00.000Z,zone-d,light,388.4
2024-03-30T06:13:00.000Z,zone-d,temperature,23.2
2024-03-30T08:59:00.000Z,zone-c,pressure,992.5
2024-03-30T09:22:00.000Z,zone-a,pressure,1014.5
2024-03-30T09:30:00.000Z,zone-d,pressure,992.7
2024-03-30T11:53:00.000Z,zone-b,temperature,28.1
2024-03-30T12:55:00.000Z,zone-b,pressure,1007.5
2024-03-30T17:00:00.000Z,zone-a,temperature,18.4